No,Product Type,Keywords,Primary Style Recommendation,Secondary Styles,Landing Page Pattern,Dashboard Style (if applicable),Color Palette Focus,Key Considerations
1,SaaS (General),"app, b2b, cloud, general, saas, software, subscription",Glassmorphism + Flat Design,"Soft UI Evolution, Minimalism",Hero + Features + CTA,Data-Dense + Real-Time Monitoring,Trust blue + accent contrast,平衡现代感与清晰度。专注于 CTA。
2,Micro SaaS,"app, b2b, cloud, indie, micro, micro-saas, niche, saas, small, software, solo, subscription",Flat Design + Vibrant & Block,"Motion-Driven, Micro-interactions",Minimal & Direct + Demo,Executive Dashboard,Vibrant primary + white space,保持简单，快速展示产品。速度是关键。
3,E-commerce,"buy, commerce, e, ecommerce, products, retail, sell, shop, store",Vibrant & Block-based,"Aurora UI, Motion-Driven",Feature-Rich Showcase,Sales Intelligence Dashboard,Brand primary + success green,参与度和转化率。视觉层次感高。
4,E-commerce Luxury,"buy, commerce, e, ecommerce, elegant, exclusive, high-end, luxury, premium, products, retail, sell, shop, store",Liquid Glass + Glassmorphism,"3D & Hyperrealism, Aurora UI",Feature-Rich Showcase,Sales Intelligence Dashboard,Premium colors + minimal accent,优雅与精致。优质材料。
5,B2B Service,"appointment, b, b2b, booking, business, consultation, corporate, enterprise, service",Trust & Authority + Minimal,"Feature-Rich, Conversion-Optimized",Feature-Rich Showcase,Sales Intelligence Dashboard,Professional blue + neutral grey,信誉至关重要。清晰的投资回报率消息。
6,Financial Dashboard,"admin, analytics, dashboard, data, financial, panel",Dark Mode (OLED) + Data-Dense,"Minimalism, Accessible & Ethical",N/A - Dashboard focused,Financial Dashboard,Dark bg + red/green alerts + trust blue,高对比度、实时更新、准确性至关重要。
7,Analytics Dashboard,"admin, analytics, dashboard, data, panel",Data-Dense + Heat Map & Heatmap,"Minimalism, Dark Mode (OLED)",N/A - Analytics focused,Drill-Down Analytics + Comparative,Cool→Hot gradients + neutral grey,清晰度>美观。颜色编码的数据优先级。
8,Healthcare App,"app, clinic, health, healthcare, medical, patient",Neumorphism + Accessible & Ethical,"Soft UI Evolution, Claymorphism (for patients)",Social Proof-Focused,User Behavior Analytics,Calm blue + health green + trust,强制性的可访问性。平静的审美。
9,Educational App,"app, course, education, educational, learning, school, training",Claymorphism + Micro-interactions,"Vibrant & Block-based, Flat Design",Storytelling-Driven,User Behavior Analytics,Playful colors + clear hierarchy,参与度和易用性。适合年龄的设计。
10,Creative Agency,"agency, creative, design, marketing, studio",Brutalism + Motion-Driven,"Retro-Futurism, Storytelling-Driven",Storytelling-Driven,N/A - Portfolio focused,Bold primaries + artistic freedom,差异化关键。哇因素是必要的。
11,Portfolio/Personal,"creative, personal, portfolio, projects, showcase, work",Motion-Driven + Minimalism,"Brutalism, Aurora UI",Storytelling-Driven,N/A - Personal branding,Brand primary + artistic interpretation,展示作品。个性闪耀。
12,Gaming,"entertainment, esports, game, gaming, play",3D & Hyperrealism + Retro-Futurism,"Motion-Driven, Vibrant & Block",Feature-Rich Showcase,N/A - Game focused,Vibrant + neon + immersive colors,沉浸优先。性能至关重要。
13,Government/Public Service,"appointment, booking, consultation, government, public, service",Accessible & Ethical + Minimalism,"Flat Design, Inclusive Design",Minimal & Direct,Executive Dashboard,Professional blue + high contrast,WCAG AAA 强制。信任至上。
14,Fintech/Crypto,"banking, blockchain, crypto, defi, finance, fintech, money, nft, payment, web3",Glassmorphism + Dark Mode (OLED),"Retro-Futurism, Motion-Driven",Conversion-Optimized,Real-Time Monitoring + Predictive,Dark tech colors + trust + vibrant accents,安全感。实时数据至关重要。
15,Social Media App,"app, community, content, entertainment, media, network, sharing, social, streaming, users, video",Vibrant & Block-based + Motion-Driven,"Aurora UI, Micro-interactions",Feature-Rich Showcase,User Behavior Analytics,Vibrant + engagement colors,参与度和保留度。令人上瘾的设计伦理。
16,Productivity Tool,"collaboration, productivity, project, task, tool, workflow",Flat Design + Micro-interactions,"Minimalism, Soft UI Evolution",Interactive Product Demo,Drill-Down Analytics,Clear hierarchy + functional colors,易于使用。注重速度和效率。
17,Design System/Component Library,"component, design, library, system",Minimalism + Accessible & Ethical,"Flat Design, Zero Interface",Feature-Rich Showcase,N/A - Dev focused,Clear hierarchy + code-like structure,一致性。开发人员优先的方法。
18,AI/Chatbot Platform,"ai, artificial-intelligence, automation, chatbot, machine-learning, ml, platform",AI-Native UI + Minimalism,"Zero Interface, Glassmorphism",Interactive Product Demo,AI/ML Analytics Dashboard,Neutral + AI Purple (#6366F1),对话式用户界面。流式文本。情境意识。最少的铬。
19,NFT/Web3 Platform,"nft, platform, web",Cyberpunk UI + Glassmorphism,"Aurora UI, 3D & Hyperrealism",Feature-Rich Showcase,Crypto/Blockchain Dashboard,Dark + Neon + Gold (#FFD700),钱包集成。交易反馈。燃气费显示。暗黑模式必不可少。
20,Creator Economy Platform,"creator, economy, platform",Vibrant & Block-based + Bento Box Grid,"Motion-Driven, Aurora UI",Social Proof-Focused,User Behavior Analytics,Vibrant + Brand colors,创作者简介。货币化显示。参与度指标。社会证明。
21,Remote Work/Collaboration Tool,"collaboration, remote, tool, work",Soft UI Evolution + Minimalism,"Glassmorphism, Micro-interactions",Feature-Rich Showcase,Drill-Down Analytics,Calm Blue + Neutral grey,实时协作。状态指示器。视频集成。通知管理。
22,Mental Health App,"app, health, mental",Neumorphism + Accessible & Ethical,"Claymorphism, Soft UI Evolution",Social Proof-Focused,Healthcare Analytics,Calm Pastels + Trust colors,平静的美学。隐私第一。危机资源。进度跟踪。强制性的可访问性。
23,Pet Tech App,"app, pet, tech",Claymorphism + Vibrant & Block-based,"Micro-interactions, Flat Design",Storytelling-Driven,User Behavior Analytics,Playful + Warm colors,宠物档案。健康追踪。有趣的用户界面。照片画廊。兽医整合。
24,Smart Home/IoT Dashboard,"admin, analytics, dashboard, data, home, iot, panel, smart",Glassmorphism + Dark Mode (OLED),"Minimalism, AI-Native UI",Interactive Product Demo,Real-Time Monitoring,Dark + Status indicator colors,设备状态。实时控制。能源监测。自动化规则。快速行动。
25,EV/Charging Ecosystem,"charging, ecosystem, ev",Minimalism + Aurora UI,"Glassmorphism, Organic Biophilic",Hero-Centric Design,Energy/Utilities Dashboard,Electric Blue (#009CD1) + Green,充电站地图。范围估计。成本计算。环境影响。
26,Subscription Box Service,"appointment, booking, box, consultation, membership, plan, recurring, service, subscription",Vibrant & Block-based + Motion-Driven,"Claymorphism, Aurora UI",Feature-Rich Showcase,E-commerce Analytics,Brand + Excitement colors,开箱体验。个性化测验。订阅管理。产品揭晓。
27,Podcast Platform,"platform, podcast",Dark Mode (OLED) + Minimalism,"Motion-Driven, Vibrant & Block-based",Storytelling-Driven,Media/Entertainment Dashboard,Dark + Audio waveform accents,音频播放器用户体验。剧集发现。创作者工具。播客分析。
28,Dating App,"app, dating",Vibrant & Block-based + Motion-Driven,"Aurora UI, Glassmorphism",Social Proof-Focused,User Behavior Analytics,Warm + Romantic (Pink/Red gradients),个人资料卡。滑动互动。匹配动画。安全功能。视频聊天。
29,Micro-Credentials/Badges Platform,"badges, credentials, micro, platform",Minimalism + Flat Design,"Accessible & Ethical, Swiss Modernism 2.0",Trust & Authority,Education Dashboard,Trust Blue + Gold (#FFD700),凭证验证。徽章显示。进度跟踪。发行人信任。领英整合。
30,Knowledge Base/Documentation,"base, documentation, knowledge",Minimalism + Accessible & Ethical,"Swiss Modernism 2.0, Flat Design",FAQ/Documentation,N/A - Documentation focused,Clean hierarchy + minimal color,搜索优先。清晰的导航。代码高亮。版本切换。反馈系统。
31,Hyperlocal Services,"appointment, booking, consultation, hyperlocal, service, services",Minimalism + Vibrant & Block-based,"Micro-interactions, Flat Design",Conversion-Optimized,Drill-Down Analytics + Map,Location markers + Trust colors,地图集成。服务类别。提供商简介。预订系统。评论。
32,Beauty/Spa/Wellness Service,"appointment, beauty, booking, consultation, service, spa, wellness",Soft UI Evolution + Neumorphism,"Glassmorphism, Minimalism",Hero-Centric Design + Social Proof,User Behavior Analytics,Soft pastels (Pink #FFB6C1 Sage #90EE90) + Cream + Gold accents,平静的审美。预订系统。服务菜单。画廊之前/之后。感言。放松的图像。
33,Luxury/Premium Brand,"brand, elegant, exclusive, high-end, luxury, premium",Liquid Glass + Glassmorphism,"Minimalism, 3D & Hyperrealism",Storytelling-Driven + Feature-Rich,Sales Intelligence Dashboard,Black + Gold (#FFD700) + White + Minimal accent,优雅至上。优质图像。评书。高品质的视觉效果。独特的感觉。
34,Restaurant/Food Service,"appointment, booking, consultation, delivery, food, menu, order, restaurant, service",Vibrant & Block-based + Motion-Driven,"Claymorphism, Flat Design",Hero-Centric Design + Conversion,N/A - Booking focused,Warm colors (Orange Red Brown) + appetizing imagery,菜单显示。在线订购。预订系统。美食摄影。地点/时间突出。
35,Fitness/Gym App,"app, exercise, fitness, gym, health, workout",Vibrant & Block-based + Dark Mode (OLED),"Motion-Driven, Neumorphism",Feature-Rich Showcase,User Behavior Analytics,Energetic (Orange #FF6B35 Electric Blue) + Dark bg,进度跟踪。锻炼计划。社区特色。成就。励志设计。
36,Real Estate/Property,"buy, estate, housing, property, real, real-estate, rent",Glassmorphism + Minimalism,"Motion-Driven, 3D & Hyperrealism",Hero-Centric Design + Feature-Rich,Sales Intelligence Dashboard,Trust Blue (#0077B6) + Gold accents + White,房产清单。虚拟旅游。地图集成。代理简介。抵押计算器。高品质图像。
37,Travel/Tourism Agency,"agency, booking, creative, design, flight, hotel, marketing, studio, tourism, travel, vacation",Aurora UI + Motion-Driven,"Vibrant & Block-based, Glassmorphism",Storytelling-Driven + Hero-Centric,Booking Analytics,Vibrant destination colors + Sky Blue + Warm accents,目的地展示。预订系统。行程建设者。评论。灵感画廊。移动优先。
38,Hotel/Hospitality,"hospitality, hotel",Liquid Glass + Minimalism,"Glassmorphism, Soft UI Evolution",Hero-Centric Design + Social Proof,Revenue Management Dashboard,Warm neutrals + Gold (#D4AF37) + Brand accent,房间预订。便利设施展示。位置图。客人评论。季节性定价。奢华的图像。
39,Wedding/Event Planning,"conference, event, meetup, planning, registration, ticket, wedding",Soft UI Evolution + Aurora UI,"Glassmorphism, Motion-Driven",Storytelling-Driven + Social Proof,N/A - Planning focused,Soft Pink (#FFD6E0) + Gold + Cream + Sage,作品集画廊。供应商目录。规划工具。时间轴。预算跟踪器。浪漫的审美。
40,Legal Services,"appointment, attorney, booking, compliance, consultation, contract, law, legal, service, services",Trust & Authority + Minimalism,"Accessible & Ethical, Swiss Modernism 2.0",Trust & Authority + Minimal,Case Management Dashboard,Navy Blue (#1E3A5F) + Gold + White,信誉至上。实践领域。律师简介。案例结果。联系表格。专业图像。
41,Insurance Platform,"insurance, platform",Trust & Authority + Flat Design,"Accessible & Ethical, Minimalism",Conversion-Optimized + Trust,Claims Analytics Dashboard,Trust Blue (#0066CC) + Green (security) + Neutral,报价计算器。政策比较。索赔流程。信任信号。明确的定价。安全徽章。
42,Banking/Traditional Finance,"banking, finance, traditional",Minimalism + Accessible & Ethical,"Trust & Authority, Dark Mode (OLED)",Trust & Authority + Feature-Rich,Financial Dashboard,Navy (#0A1628) + Trust Blue + Gold accents,安全第一。账户概览。交易历史。手机银行。可访问性至关重要。信任至上。
43,Online Course/E-learning,"course, e, learning, online",Claymorphism + Vibrant & Block-based,"Motion-Driven, Flat Design",Feature-Rich Showcase + Social Proof,Education Dashboard,Vibrant learning colors + Progress green,课程目录。进度跟踪。视频播放器。测验。证书。社区论坛。游戏化。
44,Non-profit/Charity,"charity, non, profit",Accessible & Ethical + Organic Biophilic,"Minimalism, Storytelling-Driven",Storytelling-Driven + Trust,Donation Analytics Dashboard,Cause-related colors + Trust + Warm,影响故事。捐赠流程。透明度报告。志愿者报名。活动日历。情感联系。
45,Music Streaming,"music, streaming",Dark Mode (OLED) + Vibrant & Block-based,"Motion-Driven, Aurora UI",Feature-Rich Showcase,Media/Entertainment Dashboard,Dark (#121212) + Vibrant accents + Album art colors,音频播放器。播放列表管理。艺术家页面。个性化。社交功能。波形可视化。
46,Video Streaming/OTT,"ott, streaming, video",Dark Mode (OLED) + Motion-Driven,"Glassmorphism, Vibrant & Block-based",Hero-Centric Design + Feature-Rich,Media/Entertainment Dashboard,Dark bg + Content poster colors + Brand accent,视频播放器。内容发现。监视列表。继续观看。个性化推荐。缩略图较多。
47,Job Board/Recruitment,"board, job, recruitment",Flat Design + Minimalism,"Vibrant & Block-based, Accessible & Ethical",Conversion-Optimized + Feature-Rich,HR Analytics Dashboard,Professional Blue + Success Green + Neutral,职位列表。搜索/过滤。公司简介。应用程序跟踪。继续上传。薪资见解。
48,Marketplace (P2P),"buyers, listings, marketplace, p, platform, sellers",Vibrant & Block-based + Flat Design,"Micro-interactions, Trust & Authority",Feature-Rich Showcase + Social Proof,E-commerce Analytics,Trust colors + Category colors + Success green,卖家/买家资料。列表。评论/评级。安全付款。消息传递。搜索/过滤。信任徽章。
49,Logistics/Delivery,"delivery, logistics",Minimalism + Flat Design,"Dark Mode (OLED), Micro-interactions",Feature-Rich Showcase + Conversion,Real-Time Monitoring + Route Analytics,Blue (#2563EB) + Orange (tracking) + Green (delivered),实时跟踪。交货安排。路线优化。司机管理。状态更新。地图集成。
50,Agriculture/Farm Tech,"agriculture, farm, tech",Organic Biophilic + Flat Design,"Minimalism, Accessible & Ethical",Feature-Rich Showcase + Trust,IoT Sensor Dashboard,Earth Green (#4A7C23) + Brown + Sky Blue,作物监测。天气数据。物联网传感器。产量跟踪。市场价格。可持续的图像。
51,Construction/Architecture,"architecture, construction",Minimalism + 3D & Hyperrealism,"Brutalism, Swiss Modernism 2.0",Hero-Centric Design + Feature-Rich,Project Management Dashboard,Grey (#4A4A4A) + Orange (safety) + Blueprint Blue,项目组合。 3D 渲染。时间轴。材料规格。团队协作。蓝图美学。
52,Automotive/Car Dealership,"automotive, car, dealership",Motion-Driven + 3D & Hyperrealism,"Dark Mode (OLED), Glassmorphism",Hero-Centric Design + Feature-Rich,Sales Intelligence Dashboard,Brand colors + Metallic accents + Dark/Light,车辆展示。 360° 视角。比较工具。融资计算器。试驾预约。高品质图像。
53,Photography Studio,"photography, studio",Motion-Driven + Minimalism,"Aurora UI, Glassmorphism",Storytelling-Driven + Hero-Centric,N/A - Portfolio focused,Black + White + Minimal accent,作品集画廊。之前/之后。服务包。预订系统。客户画廊。全出血图像。
54,Coworking Space,"coworking, space",Vibrant & Block-based + Glassmorphism,"Minimalism, Motion-Driven",Hero-Centric Design + Feature-Rich,Occupancy Dashboard,Energetic colors + Wood tones + Brand accent,太空之旅。会员计划。预订系统。便利设施。社区活动。虚拟游览。
55,Home Services (Plumber/Electrician),"appointment, booking, consultation, electrician, home, plumber, service, services",Flat Design + Trust & Authority,"Minimalism, Accessible & Ethical",Conversion-Optimized + Trust,Service Analytics,Trust Blue + Safety Orange + Professional grey,服务清单。紧急联系。预订。价格透明。认证。本地信任信号。
56,Childcare/Daycare,"childcare, daycare",Claymorphism + Vibrant & Block-based,"Soft UI Evolution, Accessible & Ethical",Social Proof-Focused + Trust,Parent Dashboard,Playful pastels + Safe colors + Warm accents,节目。员工简介。安全认证。家长门户。活动更新。欢快的画面。
57,Senior Care/Elderly,"care, elderly, senior",Accessible & Ethical + Soft UI Evolution,"Minimalism, Neumorphism",Trust & Authority + Social Proof,Healthcare Analytics,Calm Blue + Warm neutrals + Large text,护理服务。员工资质。设施参观。家庭门户。大型触摸目标。高对比度。无障碍第一。
58,Medical Clinic,"clinic, medical",Accessible & Ethical + Minimalism,"Neumorphism, Trust & Authority",Trust & Authority + Conversion,Healthcare Analytics,Medical Blue (#0077B6) + Trust White + Calm Green,服务。医生简介。网上预订。患者门户。保险信息。符合 HIPAA 标准。信任信号。
59,Pharmacy/Drug Store,"drug, pharmacy, store",Flat Design + Accessible & Ethical,"Minimalism, Trust & Authority",Conversion-Optimized + Trust,Inventory Dashboard,Pharmacy Green + Trust Blue + Clean White,产品目录。处方上传。补充提醒。健康信息。商店定位器。安全认证。
60,Dental Practice,"dental, practice",Soft UI Evolution + Minimalism,"Accessible & Ethical, Trust & Authority",Social Proof-Focused + Conversion,Patient Analytics,Fresh Blue + White + Smile Yellow accent,服务。牙医简介。之前/之后。网上预订。保险。患者感言。友好的图像。
61,Veterinary Clinic,"clinic, veterinary",Claymorphism + Accessible & Ethical,"Soft UI Evolution, Flat Design",Social Proof-Focused + Trust,Pet Health Dashboard,Caring Blue + Pet-friendly colors + Warm accents,宠物服务。兽医档案。网上预订。宠物门户。紧急信息。友好的动物形象。
62,Florist/Plant Shop,"florist, plant, shop",Organic Biophilic + Vibrant & Block-based,"Aurora UI, Motion-Driven",Hero-Centric Design + Conversion,E-commerce Analytics,Natural Green + Floral pinks/purples + Earth tones,产品目录。场合类别。交货安排。护理指南。季节性收藏。美丽的图像。
63,Bakery/Cafe,"bakery, cafe",Vibrant & Block-based + Soft UI Evolution,"Claymorphism, Motion-Driven",Hero-Centric Design + Conversion,N/A - Order focused,Warm Brown + Cream + Appetizing accents,菜单显示。在线订购。地点/时间。餐饮。季节性特价。开胃的摄影。
64,Brewery/Winery,"brewery, winery",Motion-Driven + Storytelling-Driven,"Dark Mode (OLED), Organic Biophilic",Storytelling-Driven + Hero-Centric,N/A - E-commerce focused,Deep amber/burgundy + Gold + Craft aesthetic,产品展示。故事/遗产。品酒笔记。活动。俱乐部会员资格。手工图像。
65,Airline,"airline, aviation, flight, travel, booking, airport, flying",Minimalism + Glassmorphism,"Motion-Driven, Accessible & Ethical",Conversion-Optimized + Feature-Rich,Operations Dashboard,Sky Blue + Brand colors + Trust accents,航班搜索。预订。报到。扩大通行证。忠诚度计划。路线图。移动优先。
66,News/Media Platform,"content, entertainment, media, news, platform, streaming, video",Minimalism + Flat Design,"Dark Mode (OLED), Accessible & Ethical",Hero-Centric Design + Feature-Rich,Media Analytics Dashboard,Brand colors + High contrast + Category colors,文章布局。突发新闻。类别。搜索。订阅。移动阅读。加载速度快。
67,Magazine/Blog,"articles, blog, content, magazine, posts, writing",Swiss Modernism 2.0 + Motion-Driven,"Minimalism, Aurora UI",Storytelling-Driven + Hero-Centric,Content Analytics,Editorial colors + Brand primary + Clean white,文章展示。类别导航。作者简介。时事通讯注册。相关内容。专注于版式。
68,Freelancer Platform,"freelancer, platform",Flat Design + Minimalism,"Vibrant & Block-based, Micro-interactions",Feature-Rich Showcase + Conversion,Marketplace Analytics,Professional Blue + Success Green + Neutral,个人资料创建。文件夹。技能匹配。消息传递。支付。评论。项目管理。
69,Marketing Agency,"agency, creative, design, marketing, studio",Brutalism + Motion-Driven,"Vibrant & Block-based, Aurora UI",Storytelling-Driven + Feature-Rich,Campaign Analytics,Bold brand colors + Creative freedom,投资组合。案例研究。服务。团队。创意展示。注重结果。大胆的审美。
70,Event Management,"conference, event, management, meetup, registration, ticket",Vibrant & Block-based + Motion-Driven,"Glassmorphism, Aurora UI",Hero-Centric Design + Feature-Rich,Event Analytics,Event theme colors + Excitement accents,活动展示。登记。议程。扬声器。赞助商。门票销售。倒计时器。
71,Membership/Community,"community, membership",Vibrant & Block-based + Soft UI Evolution,"Bento Box Grid, Micro-interactions",Social Proof-Focused + Conversion,Community Analytics,Community brand colors + Engagement accents,会员福利。定价等级。社区展示。活动。会员名录。独家内容。
72,Newsletter Platform,"newsletter, platform",Minimalism + Flat Design,"Swiss Modernism 2.0, Accessible & Ethical",Minimal & Direct + Conversion,Email Analytics,Brand primary + Clean white + CTA accent,订阅表格。档案。关于。社会证明。样本内容。简单转换。
73,Digital Products/Downloads,"digital, downloads, products",Vibrant & Block-based + Motion-Driven,"Glassmorphism, Bento Box Grid",Feature-Rich Showcase + Conversion,E-commerce Analytics,Product category colors + Brand + Success green,产品展示。预览。定价。即时交货。许可证管理。客户评价。
74,Church/Religious Organization,"church, organization, religious",Accessible & Ethical + Soft UI Evolution,"Minimalism, Trust & Authority",Hero-Centric Design + Social Proof,N/A - Community focused,Warm Gold + Deep Purple/Blue + White,服务时间。活动。布道。社区。给予。地点。欢迎的图像。
75,Sports Team/Club,"club, sports, team",Vibrant & Block-based + Motion-Driven,"Dark Mode (OLED), 3D & Hyperrealism",Hero-Centric Design + Feature-Rich,Performance Analytics,Team colors + Energetic accents,时间表。名册。消息。门票。商品。粉丝参与度。动作意象。
76,Museum/Gallery,"gallery, museum",Minimalism + Motion-Driven,"Swiss Modernism 2.0, 3D & Hyperrealism",Storytelling-Driven + Feature-Rich,Visitor Analytics,Art-appropriate neutrals + Exhibition accents,展览。收藏。门票。活动。虚拟旅游。教育内容。以艺术为中心的设计。
77,Theater/Cinema,"cinema, theater",Dark Mode (OLED) + Motion-Driven,"Vibrant & Block-based, Glassmorphism",Hero-Centric Design + Conversion,Booking Analytics,Dark + Spotlight accents + Gold,放映时间。座位选择。拖车。即将推出。会员资格。戏剧性的图像。
78,Language Learning App,"app, language, learning",Claymorphism + Vibrant & Block-based,"Micro-interactions, Flat Design",Feature-Rich Showcase + Social Proof,Learning Analytics,Playful colors + Progress indicators + Country flags,课程结构。进度跟踪。游戏化。口语练习。社区。成就徽章。
79,Coding Bootcamp,"bootcamp, coding",Dark Mode (OLED) + Minimalism,"Cyberpunk UI, Flat Design",Feature-Rich Showcase + Social Proof,Student Analytics,Code editor colors + Brand + Success green,课程。项目。职业成果。校友。定价。应用。终端审美。
80,Cybersecurity Platform,"cyber, security, platform",Cyberpunk UI + Dark Mode (OLED),"Neubrutalism, Minimal & Direct",Trust & Authority + Real-Time,Real-Time Monitoring + Heat Map,Matrix Green + Deep Black + Terminal feel,数据密度。威胁可视化。默认暗黑模式。
81,Developer Tool / IDE,"dev, developer, tool, ide",Dark Mode (OLED) + Minimalism,"Flat Design, Bento Box Grid",Minimal & Direct + Documentation,Real-Time Monitor + Terminal,Dark syntax theme colors + Blue focus,键盘快捷键。语法突出显示。性能快。
82,Biotech / Life Sciences,"biotech, biology, science",Glassmorphism + Clean Science,"Minimalism, Organic Biophilic",Storytelling-Driven + Research,Data-Dense + Predictive,Sterile White + DNA Blue + Life Green,数据准确性。清洁度。复杂的数据即。
83,Space Tech / Aerospace,"aerospace, space, tech",Holographic / HUD + Dark Mode,"Glassmorphism, 3D & Hyperrealism",Immersive Experience + Hero,Real-Time Monitoring + 3D,Deep Space Black + Star White + Metallic,高科技感。精确。遥测数据。
84,Architecture / Interior,"architecture, design, interior",Exaggerated Minimalism + High Imagery,"Swiss Modernism 2.0, Parallax",Portfolio Grid + Visuals,Project Management + Gallery,Monochrome + Gold Accent + High Imagery,高分辨率图像。版式。空间。
85,Quantum Computing Interface,"quantum, computing, physics, qubit, future, science",Holographic / HUD + Dark Mode,"Glassmorphism, Spatial UI",Immersive/Interactive Experience,3D Spatial Data + Real-Time Monitor,Quantum Blue #00FFFF + Deep Black + Interference patterns,可视化复杂性。量子比特指出。概率云。高科技信赖。
86,Biohacking / Longevity App,"biohacking, health, longevity, tracking, wellness, science",Biomimetic / Organic 2.0,"Minimalism, Dark Mode (OLED)",Data-Dense + Storytelling,Real-Time Monitor + Biological Data,Cellular Pink/Red + DNA Blue + Clean White,个人数据隐私。科学可信。生物可视化。
87,Autonomous Drone Fleet Manager,"drone, autonomous, fleet, aerial, logistics, robotics",HUD / Sci-Fi FUI,"Real-Time Monitor, Spatial UI",Real-Time Monitor,Geographic + Real-Time,Tactical Green #00FF00 + Alert Red + Map Dark,实时遥测。 3D 空间意识。延迟指标。安全警报。
88,Generative Art Platform,"art, generative, ai, creative, platform, gallery",Minimalism (Frame) + Gen Z Chaos,"Masonry Grid, Dark Mode",Bento Grid Showcase,Gallery / Portfolio,Neutral #F5F5F5 (Canvas) + User Content,内容为王。加载速度快。创作者归属。铸币流程。
89,Spatial Computing OS / App,"spatial, vr, ar, vision, os, immersive, mixed-reality",Spatial UI (VisionOS),"Glassmorphism, 3D & Hyperrealism",Immersive/Interactive Experience,Spatial Dashboard,Frosted Glass + System Colors + Depth,凝视/捏合交互。深度层次结构。环境意识。
90,Sustainable Energy / Climate Tech,"climate, energy, sustainable, green, tech, carbon",Organic Biophilic + E-Ink / Paper,"Data-Dense, Swiss Modernism",Interactive Demo + Data,Energy/Utilities Dashboard,Earth Green + Sky Blue + Solar Yellow,数据透明度。影响可视化。低碳网页设计。
91,Personal Finance Tracker,"budget, expense, money, finance, spending, savings, tracker, personal, wallet",Glassmorphism + Dark Mode (OLED),"Minimalism, Flat Design",Interactive Product Demo,Financial Dashboard,Calm blue + success green + alert red + chart accents,类别饼图/圆环图。每月趋势线。预算进度条。具有滑动操作的交易列表。收据相机。货币格式。重复条目。
92,Chat & Messaging App,"chat, message, messenger, im, realtime, conversation, inbox, dm, whatsapp, telegram",Minimalism + Micro-interactions,"Glassmorphism, Flat Design",Feature-Rich Showcase + Demo,User Behavior Analytics,Brand primary + bubble contrast (sender/receiver) + typing grey,气泡 UI（左/右对齐）。打字指标。阅读收据 (✓✓)。图像/文件预览。表情符号互动。团体头像。在线状态点。滑动即可回复。
93,Notes & Writing App,"notes, memo, writing, editor, notebook, markdown, journal, notion, obsidian",Minimalism + Flat Design,"Swiss Modernism 2.0, Soft UI Evolution",Minimal & Direct,N/A - Editor focused,Clean white/cream + minimal accent + editor syntax colors,所见即所得或 Markdown 切换。文件夹/标签组织。全文搜索。云同步。排版第一。无干扰的禅宗模式。斜杠命令调色板。
94,Habit Tracker,"habit, streak, routine, daily, tracker, goals, consistency, discipline",Claymorphism + Vibrant & Block-based,"Micro-interactions, Flat Design",Social Proof-Focused + Demo,User Behavior Analytics,Streak warm (amber/orange) + progress green + motivational accents,连胜日历热图。每日签到互动。游戏化（徽章/等级/火焰）。提醒推送。进度环图。每周/每月统计。励志微文案。
95,Food Delivery / On-Demand,"delivery, food, order, uber-eats, doordash, takeout, on-demand, courier",Vibrant & Block-based + Motion-Driven,"Glassmorphism, Flat Design",Hero-Centric Design + Feature-Rich,Real-Time Monitoring + Map,Appetizing warm (orange/red) + trust blue + map accent,带有评级的餐厅卡。菜单类别水平滚动。购物车底板。实时地图跟踪+驾驶员预计到达时间。订单状态步进器。交付后评级。
96,Ride Hailing / Transportation,"ride, taxi, uber, lyft, transport, carpool, driver, trip, fare",Minimalism + Glassmorphism,"Dark Mode (OLED), Motion-Driven",Conversion-Optimized + Demo,Real-Time Monitoring + Map,Brand primary + map neutral + status indicator colors,以地图为中心的全屏用户界面。上车/下车引脚 + 路线折线。驾驶员卡（照片/等级/车辆）。票价估算。行程计时器。安全 SOS 按钮。付款单。
97,Recipe & Cooking App,"recipe, cooking, food, kitchen, cookbook, meal, ingredient, chef",Claymorphism + Vibrant & Block-based,"Soft UI Evolution, Organic Biophilic",Hero-Centric Design + Feature-Rich,N/A - Content focused,Warm food tones (terracotta/sage/cream) + appetizing imagery,带有可检查说明的分步操作。带有配料调节器的配料表。每步内置计时器。烹饪模式（屏幕唤醒+大文本）。保存/添加书签。分享。
98,Meditation & Mindfulness,"meditation, mindfulness, calm, breathe, wellness, relaxation, sleep, headspace",Neumorphism + Soft UI Evolution,"Aurora UI, Glassmorphism",Storytelling-Driven + Social Proof,User Behavior Analytics,Ultra-calm pastels (lavender/sage/sky) + breathing animation gradient,呼吸圈动画。会话持续时间选择器。环境混音器。条纹/一致性跟踪。引导音频播放器。睡眠定时器。最少的铬。仅缓慢宽松过渡。
99,Weather App,"weather, forecast, temperature, climate, rain, sun, location, humidity",Glassmorphism + Aurora UI,"Motion-Driven, Minimalism",Hero-Centric Design,N/A - Utility focused,Atmospheric gradients (sky blue → sunset → storm grey) + temp scale,自动检测位置。每小时水平滚动+每日/每周列表。动画天气图标。空气质量指数。紫外线/风/湿度芯片。雷达图叠加。小部件友好的布局。
100,Diary & Journal App,"diary, journal, personal, daily, reflection, mood, gratitude, writing",Soft UI Evolution + Minimalism,"Neumorphism, Sketch Hand-Drawn",Storytelling-Driven,N/A - Personal focused,Warm paper tones (cream/linen) + muted ink + mood-coded accents,日历月视图条目。情绪标签选择器（表情符号/颜色）。照片/语音附件。书写提示。隐私锁（FaceID/PIN）。跨条目搜索。导出为 PDF。
101,CRM & Client Management,"crm, client, customer, sales, pipeline, contact, lead, deal, hubspot",Flat Design + Minimalism,"Soft UI Evolution, Micro-interactions",Feature-Rich Showcase + Demo,Sales Intelligence Dashboard,Professional blue + pipeline stage colors + closed-won green,带头像的联系人名片列表。管道看板。活动时间表。快速登录（电话/电子邮件/会议）。交易金额+概率。标签/段过滤器。移动快速操作。
102,Inventory & Stock Management,"inventory, stock, warehouse, product, barcode, supply, sku, management",Flat Design + Minimalism,"Dark Mode (OLED), Accessible & Ethical",Feature-Rich Showcase,Real-Time Monitoring + Data-Dense,Functional neutral + status traffic-light (green/amber/red) + scanner accent,带缩略图的产品列表/网格。条形码/QR 扫描仪。库存级别徽章。库存不足警报横幅。类别/位置过滤器。批量编辑。重新排序触发器。审核日志。
103,Flashcard & Study Tool,"flashcard, quiz, study, spaced-repetition, anki, learn, memory, exam",Claymorphism + Micro-interactions,"Vibrant & Block-based, Flat Design",Feature-Rich Showcase + Demo,Learning Analytics,Playful primary + correct green + incorrect red + progress blue,3D 卡片翻转动画。间隔重复算法。甲板浏览器。会话进度条。条纹追踪。定时测验模式。共享/导入套牌。富文本+图像卡。
104,Booking & Appointment App,"booking, appointment, schedule, calendar, reservation, slot, service",Soft UI Evolution + Flat Design,"Minimalism, Micro-interactions",Conversion-Optimized,Drill-Down Analytics,Trust blue + available green + booked grey + confirm accent,日历条或月份选择器。可用时隙网格。服务+员工选择器。确认摘要。提醒推送。重新安排/取消流程。双边（提供者↔客户）。
105,Invoice & Billing Tool,"invoice, billing, payment, receipt, freelance, estimate, quote, accounting",Minimalism + Flat Design,"Swiss Modernism 2.0, Accessible & Ethical",Conversion-Optimized + Trust,Financial Dashboard,Professional navy + paid green + overdue red + neutral grey,带有行项目的发票模板。税/折扣计算。状态徽章（草稿/已发送/已付款/逾期）。 PDF 导出+分享。支付链接生成。客户地址簿。经常性发票。
106,Grocery & Shopping List,"grocery, shopping, list, supermarket, checklist, pantry, meal-plan, buy",Flat Design + Vibrant & Block-based,"Claymorphism, Micro-interactions",Minimal & Direct + Demo,N/A - List focused,Fresh green + food-category colors + checkmark accent,类别分组列表。点击检查交互（带删除线）。数量步进器。与家人分享清单。商店过道排序。扫码添加。经常购买的建议。
107,Timer & Pomodoro,"timer, pomodoro, countdown, stopwatch, focus, clock, productivity, interval",Minimalism + Neumorphism,"Dark Mode (OLED), Micro-interactions",Minimal & Direct,N/A - Utility focused,High-contrast on dark + focus red/amber + break green,大居中倒计时数字。圆形进度环。会话/休息自动切换。会话历史记录日志。自定义间隔设置。声音+触觉警报。焦点统计图表。
108,Parenting & Baby Tracker,"baby, parenting, child, feeding, sleep, diaper, milestone, family, newborn",Claymorphism + Soft UI Evolution,"Vibrant & Block-based, Accessible & Ethical",Social Proof-Focused + Trust,User Behavior Analytics,Soft pastels (baby pink/sky blue/mint/peach) + warm accents,喂食/睡眠/尿布快速登录按钮。增长百分位图。带有照片的里程碑时间表。多个儿童档案。合作伙伴邀请+共享访问。儿科参考。单手操作。
109,Scanner & Document Manager,"scanner, document, ocr, pdf, scan, camera, file, archive, digitize",Minimalism + Flat Design,"Dark Mode (OLED), Accessible & Ethical",Feature-Rich Showcase + Demo,N/A - Tool focused,Clean white + camera viewfinder accent + file-type color coding,具有自动边缘检测功能的相机捕捉。裁剪/旋转/增强。 OCR 文本提取叠加。 PDF 多页创建。文件夹树形组织。云同步。共享/导出。批量扫描模式。
110,Calendar & Scheduling App,"calendar, scheduling, planner, agenda, events, reminder, appointment, organize, date, sync",Flat Design + Micro-interactions,"Minimalism, Soft UI Evolution",Feature-Rich Showcase + Demo,N/A - Calendar focused,Clean blue + event category accent colors + success green,事件颜色编码。周/月/日视图。重复发生的事件。冲突检测。多日历同步。
111,Password Manager,"password, security, vault, credentials, login, secure, encrypt, keychain, 2fa, biometric",Minimalism + Accessible & Ethical,"Dark Mode (OLED), Trust & Authority",Trust & Authority + Feature-Rich,N/A - Vault focused,Trust blue + security green + dark neutral,安全第一。零知识架构。生物识别解锁。违规警报仪表板。密码生成器。
112,Expense Splitter / Bill Split,"split, expense, bill, aa, share, friends, group, settle, debt, payment, owe",Flat Design + Vibrant & Block-based,"Minimalism, Micro-interactions",Minimal & Direct + Demo,N/A - Balance focused,Success green + alert red + neutral grey + avatar accent colors,团体费用跟踪。债务简化算法。付款提醒。多币种。收据照片导入。
113,Voice Recorder & Memo,"voice, recorder, memo, audio, transcription, dictate, recording, microphone, note, otter",Minimalism + AI-Native UI,"Flat Design, Dark Mode (OLED)",Interactive Product Demo + Minimal,N/A - Recording focused,Clean white + recording red + waveform accent,波形显示。后台录音。自动转录（AI）。标记/组织。云同步。
114,Bookmark & Read-Later,"bookmark, read-later, save, article, pocket, link, reading, archive, collection, raindrop",Minimalism + Flat Design,"Editorial Grid, Swiss Modernism 2.0",Minimal & Direct + Demo,N/A - List focused,Paper warm white + ink neutral + minimal accent + tag colors,通过共享表快速保存。文章无干扰查看。标签和集合。离线同步。读书进度。
115,Translator App,"translate, language, text, voice, ocr, dictionary, multilingual, real-time, detect, deepl",Flat Design + AI-Native UI,"Minimalism, Micro-interactions",Feature-Rich Showcase + Interactive Demo,N/A - Utility focused,Global blue + neutral grey + language flag accent,实时相机翻译（OCR）。语音输入和输出。离线模式。对话模式。短语手册。
116,Calculator & Unit Converter,"calculator, converter, unit, math, currency, measurement, scientific, formula, percentage",Neumorphism + Minimalism,"Flat Design, Dark Mode (OLED)",Minimal & Direct,N/A - Utility focused,Dark functional + orange operation keys + clear button hierarchy,科学模式切换。实时货币汇率。计算历史。小部件支持。手势输入。
117,Alarm & World Clock,"alarm, clock, world, timezone, timer, wake, sleep, schedule, reminder, bedtime",Dark Mode (OLED) + Minimalism,"Neumorphism, Flat Design",Minimal & Direct,N/A - Utility focused,Deep dark + ambient glow accent + timezone gradient,轻柔唤醒（逐渐音量）。时区可视化工具。睡眠跟踪集成。智能报警跳过。就寝模式。
118,File Manager & Transfer,"file, manager, transfer, folder, document, storage, cloud, share, organize, compress",Flat Design + Minimalism,"Accessible & Ethical, Dark Mode (OLED)",Feature-Rich Showcase + Demo,N/A - File tree focused,"Functional neutral + file type color coding (PDF orange, doc blue, image purple)",文件夹树导航。文件类型预览。无线 P2P 传输。云集成。压缩和提取。
119,Email Client,"email, mail, inbox, compose, thread, newsletter, filter, reply, gmail, spark, superhuman",Flat Design + Minimalism,"Micro-interactions, Soft UI Evolution",Feature-Rich Showcase + Demo,N/A - Inbox focused,Clean white + brand primary + priority red + snooze amber,统一收件箱。滑动操作（存档/删除/暂停）。优先排序。智能回复。取消订阅工具。
120,Casual Puzzle Game,"puzzle, casual, match, brain, game, relaxing, level, tiles, logic, block, three",Claymorphism + Vibrant & Block-based,"Micro-interactions, Motion-Driven",Feature-Rich Showcase + Social Proof,N/A - Game focused,Cheerful pastels + progression gradient + reward gold + bright accent,令人满意的匹配/清晰的动画。难度渐进。每日挑战。不可跳过的教程。离线玩。
121,Trivia & Quiz Game,"trivia, quiz, knowledge, question, answer, challenge, leaderboard, fact, brain, compete",Vibrant & Block-based + Micro-interactions,"Claymorphism, Flat Design",Feature-Rich Showcase + Social Proof,Leaderboard Analytics,Energetic blue + correct green + incorrect red + leaderboard gold,定时器压力 UX。类别选择。条纹系统。实时多人游戏。每日测验模式。
122,Card & Board Game,"card, board, chess, checkers, poker, strategy, turn-based, multiplayer, classic, tabletop",3D & Hyperrealism + Flat Design,"Motion-Driven, Dark Mode (OLED)",Feature-Rich Showcase,N/A - Game focused,Game-theme felt green + dark wood + card back patterns,实时或异步多人游戏。游戏状态同步。教程模式。比赛历史。 ELO 评级系统。
123,Idle & Clicker Game,"idle, clicker, incremental, passive, cookie, adventure, progress, offline, collect, prestige",Vibrant & Block-based + Motion-Driven,"Claymorphism, 3D & Hyperrealism",Feature-Rich Showcase,N/A - Progress focused,Coin gold + upgrade blue + prestige purple + progress green,离线进度计算。令人满意的数字动画。升级树的清晰度。声望系统。可选广告。
124,Word & Crossword Game,"word, crossword, wordle, spelling, vocabulary, letters, grid, puzzle, dictionary, daily",Minimalism + Flat Design,"Swiss Modernism 2.0, Micro-interactions",Minimal & Direct + Demo,N/A - Game focused,Clean white + warm letter tiles + success green + shake red,每日挑战并分享结果。物理键盘手感。难度级别。词典提示。连胜统计。
125,Arcade & Retro Game,"arcade, retro, 8bit, action, shoot, runner, tap, reflex, endless, pixel, classic, score",Pixel Art + Retro-Futurism,"Vibrant & Block-based, Motion-Driven",Feature-Rich Showcase + Hero-Centric,N/A - Score focused,Neon on black + pixel palette + score gold + danger red,无需登录即可即时游戏。游戏中心排行榜。碰撞时的触觉反馈。离线。控制器支持。
126,Photo Editor & Filters,"photo, edit, filter, vsco, snapseed, enhance, crop, retouch, adjust, luts, preset, adjust",Minimalism + Dark Mode (OLED),"Motion-Driven, Flat Design",Feature-Rich Showcase + Interactive Demo,N/A - Editor focused,Dark editor background + vibrant filter preview strip + tool icon accent,非破坏性编辑。过滤器预览轮播。直方图。原始支持。批量导出。直接社交分享。
127,Short Video Editor,"video, edit, capcut, inshot, clip, reel, tiktok, trim, effects, transitions, music, timeline",Dark Mode (OLED) + Motion-Driven,"Vibrant & Block-based, Glassmorphism",Feature-Rich Showcase + Hero-Centric,N/A - Timeline editor focused,Dark background + timeline track accent colors + effect preview vivid,多轨时间线。获得许可的音乐库。文字叠加。自动字幕。导出 9:16 / 16:9 / 1:1。
128,Drawing & Sketching Canvas,"drawing, sketch, procreate, canvas, paint, illustration, digital, brush, layers, art, stylus",Minimalism + Dark Mode (OLED),"Anti-Polish Raw, Motion-Driven",Interactive Product Demo + Storytelling,N/A - Canvas focused,Neutral canvas + full-spectrum color picker + tool panel dark,压力敏感性。无限画布（平移/缩放）。分层管理。撤消历史记录。导出 PNG/PSD/SVG。
129,Music Creation & Beat Maker,"music, beat, daw, garageband, create, loop, sample, instrument, track, compose, record, midi",Dark Mode (OLED) + Motion-Driven,"Cyberpunk UI, Glassmorphism",Interactive Product Demo + Storytelling,N/A - DAW focused,Dark studio background + track colors rainbow + waveform accent + BPM pulse,触摸钢琴和鼓垫。循环浏览器。 MIDI 支持。导出 MP3/WAV。低延迟音频引擎。
130,Meme & Sticker Maker,"meme, sticker, maker, funny, caption, template, edit, share, viral, emoji, creator, reaction",Vibrant & Block-based + Flat Design,"Gen Z Chaos, Claymorphism",Feature-Rich Showcase + Social Proof,N/A - Creator focused,Bold primary + comedic yellow + viral red + high saturation accent,模板库。标题文字叠加。字体多样。互动贴纸包。分享到各平台。快速创作。
131,AI Photo & Avatar Generator,"ai, photo, avatar, lensa, portrait, generate, selfie, style, filter, prisma, art",AI-Native UI + Aurora UI,"Glassmorphism, Minimalism",Feature-Rich Showcase + Social Proof,N/A - Generation focused,AI purple + aurora gradients + before/after neutral,款式选择。多种输出变化。隐私政策突出。快速生成。积分/订阅系统。
132,Link-in-Bio Page Builder,"bio, link, linktree, personal, page, creator, social, portfolio, profile, landing, custom",Vibrant & Block-based + Bento Box Grid,"Minimalism, Glassmorphism",Conversion-Optimized + Social Proof,Analytics (click tracking),Brand-customizable + accent link color + clean white canvas,拖放生成器。主题模板。单击分析。自定义域。社交图标集成。二维码导出。
133,Wardrobe & Outfit Planner,"wardrobe, outfit, fashion, clothes, closet, style, wear, plan, capsule, ootd, lookbook",Minimalism + Motion-Driven,"Aurora UI, Soft UI Evolution",Storytelling-Driven + Feature-Rich,N/A - Wardrobe focused,Clean fashion neutral + full clothes color palette + accent,衣服照片目录。 AI 服装建议。日历集成。胶囊衣柜。季节过滤。
134,Plant Care Tracker,"plant, care, water, garden, tracker, reminder, species, photo, grow, health, planta",Organic Biophilic + Soft UI Evolution,"Claymorphism, Flat Design",Storytelling-Driven + Social Proof,N/A - Plant collection focused,Nature greens + earth brown + sunny yellow reminder + water blue,带有护理指南的植物数据库。浇水提醒。成长照片时间线。人工智能健康诊断。收藏分享。
135,Book & Reading Tracker,"book, reading, tracker, goodreads, library, shelf, progress, review, notes, goal, literature",Swiss Modernism 2.0 + Minimalism,"E-Ink Paper, Soft UI Evolution",Social Proof-Focused + Feature-Rich,N/A - Library focused,Warm paper white + ink brown + reading progress green + book cover colors,扫码添加。进度百分比。年度阅读目标。注释和引用。好友活动。流派统计。
136,Couple & Relationship App,"couple, relationship, partner, love, date, anniversary, memory, shared, intimate, between",Aurora UI + Soft UI Evolution,"Claymorphism, Glassmorphism",Storytelling-Driven + Social Proof,N/A - Couple focused,Warm romantic pink/rose + soft gradient + memory photo tones,共享时间表。周年倒计时。秘密聊天。相册。爱语言测验。约会之夜的想法。
137,Family Calendar & Chores,"family, calendar, chores, tasks, household, shared, kids, schedule, cozi, organize, member",Flat Design + Claymorphism,"Accessible & Ethical, Vibrant & Block-based",Feature-Rich Showcase + Social Proof,N/A - Family hub focused,Warm playful + member color coding + chore completion green,成员颜色编码。家务分配轮换。重复发生的事件。共享购物清单。津贴跟踪。
138,Mood Tracker,"mood, emotion, feeling, mental, daily, journal, wellbeing, check-in, log, track, daylio",Soft UI Evolution + Minimalism,"Aurora UI, Neumorphism",Storytelling-Driven + Social Proof,N/A - Mood chart focused,Emotion gradient (blue sad to yellow happy) + pastel per mood + insight accent,每日一键签到。情感轮选择器。心情日历热图。模式见解。导出并共享。
139,Gift & Wishlist,"gift, wishlist, present, birthday, occasion, registry, idea, shop, list, share, surprise",Vibrant & Block-based + Soft UI Evolution,"Claymorphism, Flat Design",Minimal & Direct + Conversion,N/A - List focused,Celebration warm pink/gold/red + category colors + surprise accent,从任何 URL 添加。价格范围过滤器。他人保留系统。场合日历。协作列表。惊喜模式。
140,Running & Cycling GPS,"running, cycling, gps, strava, track, route, speed, distance, cadence, pace, workout, sport",Dark Mode (OLED) + Vibrant & Block-based,"Motion-Driven, Glassmorphism",Feature-Rich Showcase + Social Proof,Performance Analytics,Energetic orange + map accent + pace zones (green/yellow/red),实时 GPS 跟踪。路线图。自动暂停检测。细分排行榜。训练区。社交提要。加明同步。
141,Yoga & Stretching Guide,"yoga, stretch, flexibility, pose, asana, guided, session, calm, routine, wellness, down-dog",Organic Biophilic + Soft UI Evolution,"Neumorphism, Minimalism",Storytelling-Driven + Social Proof,N/A - Session focused,Earth calming sage/terracotta/cream + breathing gradient + warm accent,带插图的姿势库。带音频的指导课程。呼吸练习。进度日历。初级到高级。
142,Sleep Tracker,"sleep, tracker, alarm, cycle, quality, snore, analysis, rem, deep, smart, wake, insomnia",Dark Mode (OLED) + Neumorphism,"Glassmorphism, Minimalism",Feature-Rich Showcase + Social Proof,Healthcare Analytics,Deep midnight blue + stars/moon accent + sleep quality gradient (poor red to great green),睡眠周期检测。浅睡眠时智能闹钟唤醒。打鼾检测。每周趋势。苹果健康集成。
143,Calorie & Nutrition Counter,"calorie, nutrition, food, diet, macro, protein, carb, fat, log, fitness, myfitnesspal",Flat Design + Vibrant & Block-based,"Minimalism, Claymorphism",Feature-Rich Showcase + Social Proof,Healthcare Analytics,"Healthy green + macro colors (protein blue, carb orange, fat yellow) + progress circle",条形码扫描仪食品日志。大型数据库。宏观目标。餐厅查找。食谱生成器。 AI 照片食物记录。
144,Period & Cycle Tracker,"period, cycle, menstrual, fertility, ovulation, pms, log, women, health, flo, clue, hormone",Soft UI Evolution + Aurora UI,"Accessible & Ethical, Claymorphism",Social Proof-Focused + Trust,Healthcare Analytics,Rose/blush + lavender + fertility green + soft calendar tones,周期预测。症状记录。生育窗口。个性化的见解。隐私第一。合作伙伴共享选项。
145,Medication & Pill Reminder,"medication, pill, reminder, dose, schedule, prescription, drug, health, medisafe, refill",Accessible & Ethical + Flat Design,"Minimalism, Trust & Authority",Trust & Authority + Feature-Rich,N/A - Schedule focused,Medical trust blue + missed alert red + taken green + clean white,多种药物治疗时间表。护理人员分享。补充提醒。药物相互作用警告。大型触摸目标。
146,Water & Hydration Reminder,"water, hydration, drink, reminder, daily, tracker, glasses, intake, health, cup, aqua",Claymorphism + Vibrant & Block-based,"Flat Design, Micro-interactions",Minimal & Direct + Demo,N/A - Daily goal focused,Refreshing blue + water wave animation + goal progress accent,点击即可快速登录。动画填充可视化。自定义提醒。按重量/天气确定的目标。条纹系统。小部件。
147,Fasting & Intermittent Timer,"fasting, intermittent, 16:8, timer, fast, eating, window, keto, diet, zero, weight, protocol",Minimalism + Dark Mode (OLED),"Neumorphism, Flat Design",Feature-Rich Showcase + Social Proof,N/A - Timer focused,Fasting deep blue/purple + eating window green + timeline neutral,协议选择器（16:8、18:6、OMAD）。循环倒数计时器。禁食历史记录。禁食期间的提示。电解质。
148,Anonymous Community / Confession,"anonymous, community, confess, whisper, secret, vent, share, safe, private, social, yikyak",Dark Mode (OLED) + Minimalism,"Glassmorphism, Soft UI Evolution",Social Proof-Focused + Feature-Rich,User Behavior Analytics,Dark protective + subtle gradient + upvote green + empathy warm accent,匿名发帖，有节制。安全报告。互动回应系统。热门话题。心理健康资源链接。
149,Local Events & Discovery,"local, events, discovery, meetup, nearby, social, city, activities, calendar, community, explore",Vibrant & Block-based + Motion-Driven,"Glassmorphism, Flat Design",Hero-Centric Design + Feature-Rich,Event Analytics,City vibrant + event category colors + map accent + date highlight,基于位置的发现。类别过滤器。回复流程。地图视图。朋友出席。组织者工具。提醒。
150,Study Together / Virtual Coworking,"study, focus, cowork, pomodoro, virtual, together, session, accountability, live, stream, room",Minimalism + Soft UI Evolution,"Flat Design, Dark Mode (OLED)",Social Proof-Focused + Feature-Rich,User Behavior Analytics,Calm focus blue + session progress indicator + ambient warm neutrals,带有视频/头像的实时学习室。共享焦点计时器。氛围音乐。目标共享。连胜责任。
151,Coding Challenge & Practice,"coding, leetcode, challenge, algorithm, practice, programming, competitive, skill, interview, problem",Dark Mode (OLED) + Cyberpunk UI,"Minimalism, Flat Design",Feature-Rich Showcase + Social Proof,Student Analytics,Code editor dark + success green + difficulty gradient (easy green / medium amber / hard red),具有语法突出显示的代码编辑器。多种语言。提示系统。解决方案解释。公司标签。竞赛模式。
152,Kids Learning (ABC & Math),"kids, children, learning, abc, math, phonics, numbers, education, games, preschool, early",Claymorphism + Vibrant & Block-based,"Micro-interactions, Flat Design",Social Proof-Focused + Trust,Parent Dashboard,Bright primary + child-safe pastels + reward gold + interactive accent,适合 2-8 岁年龄的 UI。没有广告。没有深色图案。课程一致。家长进度报告。奖励制度。
153,Music Instrument Learning,"music, instrument, piano, guitar, learn, lesson, tutorial, notes, play, chord, practice, simply",Vibrant & Block-based + Motion-Driven,"Dark Mode (OLED), Soft UI Evolution",Interactive Product Demo + Social Proof,Learning Analytics,Musical warm deep red/brown + note color system + skill progress bar,屏幕上的交互式仪器。乐谱展示。歌库.慢节奏练习。录音和播放。教师模式。
154,Parking Finder,"parking, spot, finder, map, pay, meter, garage, location, car, reserve, spothero",Minimalism + Glassmorphism,"Flat Design, Micro-interactions",Conversion-Optimized + Feature-Rich,Real-Time Monitoring + Map,Trust blue + available green + occupied red + map neutral,实时可用性。应用内导航。支付一体化。停车计时器警报。最喜欢的景点。街道与车库。
155,Public Transit Guide,"transit, bus, metro, subway, train, route, schedule, map, city, commute, trip, citymapper",Flat Design + Accessible & Ethical,"Minimalism, Motion-Driven",Feature-Rich Showcase + Interactive Demo,Real-Time Monitoring + Map,Transit brand line colors + real-time indicator green/red + map neutral,实时到达。离线地图。中断警报。多模式路由。票价计算。辅助功能。
156,Road Trip Planner,"road, trip, drive, route, planner, travel, stop, map, adventure, scenic, car, wanderlog",Aurora UI + Organic Biophilic,"Motion-Driven, Vibrant & Block-based",Storytelling-Driven + Hero-Centric,N/A - Trip focused,Adventure warm sunset orange + map teal + stop markers + road neutral,有站点的路线规划。兴趣点发现。沿途汽油/食物/酒店。离线地图。旅行分享。
157,VPN & Privacy Tool,"vpn, privacy, secure, anonymous, encrypt, proxy, ip, protect, shield, network, nordvpn",Minimalism + Dark Mode (OLED),"Cyberpunk UI, Trust & Authority",Trust & Authority + Conversion-Optimized,N/A - Connection focused,Dark shield blue + connected green + disconnected red + trust accent,一键连接。按国家/地区选择服务器。无日志政策突出。速度指示器。终止开关。协议选择。
158,Emergency SOS & Safety,"emergency, sos, safety, alert, location, help, danger, crisis, first-aid, guard, bsafe",Accessible & Ethical + Flat Design,"Dark Mode (OLED), Minimalism",Trust & Authority + Social Proof,N/A - Safety focused,Alert red + safety blue + location green + high contrast critical,一键求救。紧急联系人自动通知。实时位置共享。假电话功能。安全步行模式。当地紧急电话号码。
159,Wallpaper & Theme App,"wallpaper, theme, background, customize, aesthetic, home-screen, lock-screen, widget, design, zedge",Vibrant & Block-based + Aurora UI,"Glassmorphism, Motion-Driven",Feature-Rich Showcase + Social Proof,N/A - Gallery focused,Content-driven + trending aesthetic palettes + download accent,分类浏览。在设备上预览。每日壁纸自动设置。小部件匹配。创作者上传。分辨率自动调整。
160,White Noise & Ambient Sound,"white noise, ambient, sound, sleep, focus, rain, nature, relax, concentration, background, noisli",Minimalism + Dark Mode (OLED),"Neumorphism, Organic Biophilic",Minimal & Direct + Social Proof,N/A - Player focused,Calming dark + ambient texture visual + subtle sound wave + sleep blue,具有多个同时层的混音器。带淡入淡出的睡眠定时器。定制音景。离线。背景音频。
161,Home Decoration & Interior Design,"home, interior, decor, design, furniture, room, renovation, ar, plan, inspire, 3d, houzz",Minimalism + 3D Product Preview,"Organic Biophilic, Aurora UI",Storytelling-Driven + Feature-Rich,N/A - Project focused,Neutral interior palette + material texture accent + AR blue,AR 房间可视化。风格测验。带有购买链接的产品目录。 3D 房间规划师。情绪板。之前/之后。
