No,Font Pairing Name,Category,Heading Font,Body Font,Mood/Style Keywords,Best For,Google Fonts URL,CSS Import,Tailwind Config,Notes
1,Classic Elegant,Serif + Sans,Playfair Display,Inter,"elegant, luxury, sophisticated, timeless, premium, editorial",奢侈品牌、时尚、水疗、美容、社论、杂志、高端电商,https://fonts.google.com/share?selection.family=Inter:wght@300;400;500;600;700|Playfair+Display:wght@400;500;600;700,@import url('https://fonts.googleapis.com/css2?family=Inter:wght@300;400;500;600;700&family=Playfair+Display:wght@400;500;600;700&display=swap');,"fontFamily: { serif: ['Playfair Display', 'serif'], sans: ['Inter', 'sans-serif'] }",优雅的标题和简洁的正文之间形成鲜明对比。非常适合豪华/高档。
2,Modern Professional,Sans + Sans,Poppins,Open Sans,"modern, professional, clean, corporate, friendly, approachable",SaaS、企业网站、商业应用程序、初创公司、专业服务,https://fonts.google.com/share?selection.family=Open+Sans:wght@300;400;500;600;700|Poppins:wght@400;500;600;700,@import url('https://fonts.googleapis.com/css2?family=Open+Sans:wght@300;400;500;600;700&family=Poppins:wght@400;500;600;700&display=swap');,"fontFamily: { heading: ['Poppins', 'sans-serif'], body: ['Open Sans', 'sans-serif'] }",Geometric Poppins 用于标题，人文主义 Open Sans 用于提高可读性。
3,Tech Startup,Sans + Sans,Space Grotesk,DM Sans,"tech, startup, modern, innovative, bold, futuristic",科技公司、初创公司、SaaS、开发者工具、人工智能产品,https://fonts.google.com/share?selection.family=DM+Sans:wght@400;500;700|Space+Grotesk:wght@400;500;600;700,@import url('https://fonts.googleapis.com/css2?family=DM+Sans:wght@400;500;700&family=Space+Grotesk:wght@400;500;600;700&display=swap');,"fontFamily: { heading: ['Space Grotesk', 'sans-serif'], body: ['DM Sans', 'sans-serif'] }",Space Grotesk 具有独特的性格，DM Sans 具有很强的可读性。
4,Editorial Classic,Serif + Serif,Cormorant Garamond,Libre Baskerville,"editorial, classic, literary, traditional, refined, bookish",出版、博客、新闻网站、文学杂志、书籍封面,https://fonts.google.com/share?selection.family=Cormorant+Garamond:wght@400;500;600;700|Libre+Baskerville:wght@400;700,@import url('https://fonts.googleapis.com/css2?family=Cormorant+Garamond:wght@400;500;600;700&family=Libre+Baskerville:wght@400;700&display=swap');,"fontFamily: { heading: ['Cormorant Garamond', 'serif'], body: ['Libre Baskerville', 'serif'] }",全衬线配对带来传统的编辑感觉。
5,Minimal Swiss,Sans + Sans,Inter,Inter,"minimal, clean, swiss, functional, neutral, professional",仪表板、管理面板、文档、企业应用程序、设计系统,https://fonts.google.com/share?selection.family=Inter:wght@300;400;500;600;700,@import url('https://fonts.googleapis.com/css2?family=Inter:wght@300;400;500;600;700&display=swap');,"fontFamily: { sans: ['Inter', 'sans-serif'] }",具有粗细变化的单一字体系列。极致简单。
6,Playful Creative,Display + Sans,Fredoka,Nunito,"playful, friendly, fun, creative, warm, approachable",儿童应用、教育、游戏、创意工具、娱乐,https://fonts.google.com/share?selection.family=Fredoka:wght@400;500;600;700|Nunito:wght@300;400;500;600;700,@import url('https://fonts.googleapis.com/css2?family=Fredoka:wght@400;500;600;700&family=Nunito:wght@300;400;500;600;700&display=swap');,"fontFamily: { heading: ['Fredoka', 'sans-serif'], body: ['Nunito', 'sans-serif'] }",圆润、友好的字体非常适合俏皮的用户界面。
7,Bold Statement,Display + Sans,Bebas Neue,Source Sans 3,"bold, impactful, strong, dramatic, modern, headlines",营销网站、作品集、代理机构、活动页面、体育,https://fonts.google.com/share?selection.family=Bebas+Neue|Source+Sans+3:wght@300;400;500;600;700,@import url('https://fonts.googleapis.com/css2?family=Bebas+Neue&family=Source+Sans+3:wght@300;400;500;600;700&display=swap');,"fontFamily: { display: ['Bebas Neue', 'sans-serif'], body: ['Source Sans 3', 'sans-serif'] }",Bebas Neue 仅适用于大头条新闻。显示字体全部大写。
8,Wellness Calm,Serif + Sans,Lora,Raleway,"calm, wellness, health, relaxing, natural, organic",健康应用、保健、水疗、冥想、瑜伽、有机品牌,https://fonts.google.com/share?selection.family=Lora:wght@400;500;600;700|Raleway:wght@300;400;500;600;700,@import url('https://fonts.googleapis.com/css2?family=Lora:wght@400;500;600;700&family=Raleway:wght@300;400;500;600;700&display=swap');,"fontFamily: { serif: ['Lora', 'serif'], sans: ['Raleway', 'sans-serif'] }",Lora 的有机曲线与 Raleway 的优雅简约相结合。
9,Developer Mono,Mono + Sans,JetBrains Mono,IBM Plex Sans,"code, developer, technical, precise, functional, hacker",开发人员工具、文档、代码编辑器、技术博客、CLI 应用程序,https://fonts.google.com/share?selection.family=IBM+Plex+Sans:wght@300;400;500;600;700|JetBrains+Mono:wght@400;500;600;700,@import url('https://fonts.googleapis.com/css2?family=IBM+Plex+Sans:wght@300;400;500;600;700&family=JetBrains+Mono:wght@400;500;600;700&display=swap');,"fontFamily: { mono: ['JetBrains Mono', 'monospace'], sans: ['IBM Plex Sans', 'sans-serif'] }",JetBrains 用于代码，IBM Plex 用于 UI。以开发人员为中心。
10,Retro Vintage,Display + Serif,Abril Fatface,Merriweather,"retro, vintage, nostalgic, dramatic, decorative, bold",复古品牌、啤酒厂、餐厅、创意组合、海报,https://fonts.google.com/share?selection.family=Abril+Fatface|Merriweather:wght@300;400;700,@import url('https://fonts.googleapis.com/css2?family=Abril+Fatface&family=Merriweather:wght@300;400;700&display=swap');,"fontFamily: { display: ['Abril Fatface', 'serif'], body: ['Merriweather', 'serif'] }",Abril Fatface 仅供英雄头条新闻使用。极具冲击力的复古感觉。
11,Geometric Modern,Sans + Sans,Outfit,Work Sans,"geometric, modern, clean, balanced, contemporary, versatile",通用、投资组合、机构、现代品牌、登陆页面,https://fonts.google.com/share?selection.family=Outfit:wght@300;400;500;600;700|Work+Sans:wght@300;400;500;600;700,@import url('https://fonts.googleapis.com/css2?family=Outfit:wght@300;400;500;600;700&family=Work+Sans:wght@300;400;500;600;700&display=swap');,"fontFamily: { heading: ['Outfit', 'sans-serif'], body: ['Work Sans', 'sans-serif'] }",两者都是几何图形，但 Outfit 的标题更加独特。
12,Luxury Serif,Serif + Sans,Cormorant,Montserrat,"luxury, high-end, fashion, elegant, refined, premium",时尚品牌、奢侈品电商、珠宝、高端服务,https://fonts.google.com/share?selection.family=Cormorant:wght@400;500;600;700|Montserrat:wght@300;400;500;600;700,@import url('https://fonts.googleapis.com/css2?family=Cormorant:wght@400;500;600;700&family=Montserrat:wght@300;400;500;600;700&display=swap');,"fontFamily: { serif: ['Cormorant', 'serif'], sans: ['Montserrat', 'sans-serif'] }",鸬鹚的优雅与蒙特塞拉特的几何精度。
13,Friendly SaaS,Sans + Sans,Plus Jakarta Sans,Plus Jakarta Sans,"friendly, modern, saas, clean, approachable, professional",SaaS 产品、网络应用程序、仪表板、B2B、生产力工具,https://fonts.google.com/share?selection.family=Plus+Jakarta+Sans:wght@300;400;500;600;700,@import url('https://fonts.googleapis.com/css2?family=Plus+Jakarta+Sans:wght@300;400;500;600;700&display=swap');,"fontFamily: { sans: ['Plus Jakarta Sans', 'sans-serif'] }",单一通用字体。国际米兰的现代替代品。
14,News Editorial,Serif + Sans,Newsreader,Roboto,"news, editorial, journalism, trustworthy, readable, informative",新闻网站、博客、杂志、新闻、内容丰富的网站,https://fonts.google.com/share?selection.family=Newsreader:wght@400;500;600;700|Roboto:wght@300;400;500;700,@import url('https://fonts.googleapis.com/css2?family=Newsreader:wght@400;500;600;700&family=Roboto:wght@300;400;500;700&display=swap');,"fontFamily: { serif: ['Newsreader', 'serif'], sans: ['Roboto', 'sans-serif'] }",专为长篇阅读而设计的新闻阅读器。用于 UI 的 Roboto。
15,Handwritten Charm,Script + Sans,Caveat,Quicksand,"handwritten, personal, friendly, casual, warm, charming",个人博客、邀请函、创意作品集、生活方式品牌,https://fonts.google.com/share?selection.family=Caveat:wght@400;500;600;700|Quicksand:wght@300;400;500;600;700,@import url('https://fonts.googleapis.com/css2?family=Caveat:wght@400;500;600;700&family=Quicksand:wght@300;400;500;600;700&display=swap');,"fontFamily: { script: ['Caveat', 'cursive'], sans: ['Quicksand', 'sans-serif'] }",谨慎使用重音符号。流沙为身。
16,Corporate Trust,Sans + Sans,Lexend,Source Sans 3,"corporate, trustworthy, accessible, readable, professional, clean",企业、政府、医疗保健、金融、以无障碍为中心,https://fonts.google.com/share?selection.family=Lexend:wght@300;400;500;600;700|Source+Sans+3:wght@300;400;500;600;700,@import url('https://fonts.googleapis.com/css2?family=Lexend:wght@300;400;500;600;700&family=Source+Sans+3:wght@300;400;500;600;700&display=swap');,"fontFamily: { heading: ['Lexend', 'sans-serif'], body: ['Source Sans 3', 'sans-serif'] }",Lexend 专为提高可读性而设计。极佳的可达性。
17,Brutalist Raw,Mono + Mono,Space Mono,Space Mono,"brutalist, raw, technical, monospace, minimal, stark",野兽派设计、开发者作品集、实验、科技艺术,https://fonts.google.com/share?selection.family=Space+Mono:wght@400;700,@import url('https://fonts.googleapis.com/css2?family=Space+Mono:wght@400;700&display=swap');,"fontFamily: { mono: ['Space Mono', 'monospace'] }",全单色，适合原始野兽派美学。重量有限。
18,Fashion Forward,Sans + Sans,Syne,Manrope,"fashion, avant-garde, creative, bold, artistic, edgy",时尚品牌、创意机构、美术馆、设计工作室,https://fonts.google.com/share?selection.family=Manrope:wght@300;400;500;600;700|Syne:wght@400;500;600;700,@import url('https://fonts.googleapis.com/css2?family=Manrope:wght@300;400;500;600;700&family=Syne:wght@400;500;600;700&display=swap');,"fontFamily: { heading: ['Syne', 'sans-serif'], body: ['Manrope', 'sans-serif'] }",Syne 独特的头条新闻特征。曼绳以提高可读性。
19,Soft Rounded,Sans + Sans,Varela Round,Nunito Sans,"soft, rounded, friendly, approachable, warm, gentle",儿童产品、宠物应用、友好品牌、健康、软用户界面,https://fonts.google.com/share?selection.family=Nunito+Sans:wght@300;400;500;600;700|Varela+Round,@import url('https://fonts.googleapis.com/css2?family=Nunito+Sans:wght@300;400;500;600;700&family=Varela+Round&display=swap');,"fontFamily: { heading: ['Varela Round', 'sans-serif'], body: ['Nunito Sans', 'sans-serif'] }",既圆润又友善。非常适合软 UI 设计。
20,Premium Sans,Sans + Sans,Satoshi,General Sans,"premium, modern, clean, sophisticated, versatile, balanced",优质品牌、现代机构、SaaS、投资组合、初创公司,https://fonts.google.com/share?selection.family=DM+Sans:wght@400;500;700,@import url('https://fonts.googleapis.com/css2?family=DM+Sans:wght@400;500;700&display=swap');,"fontFamily: { sans: ['DM Sans', 'sans-serif'] }",注：Fontshare 上的 Satoshi/General Sans。 DM Sans 作为 Google 的替代品。
21,Vietnamese Friendly,Sans + Sans,Be Vietnam Pro,Noto Sans,"vietnamese, international, readable, clean, multilingual, accessible",越南语网站、多语言应用程序、国际产品,https://fonts.google.com/share?selection.family=Be+Vietnam+Pro:wght@300;400;500;600;700|Noto+Sans:wght@300;400;500;600;700,@import url('https://fonts.googleapis.com/css2?family=Be+Vietnam+Pro:wght@300;400;500;600;700&family=Noto+Sans:wght@300;400;500;600;700&display=swap');,"fontFamily: { sans: ['Be Vietnam Pro', 'Noto Sans', 'sans-serif'] }",成为越南专业人士，提供出色的越南语支持。诺托作为后备。
22,Japanese Elegant,Serif + Sans,Noto Serif JP,Noto Sans JP,"japanese, elegant, traditional, modern, multilingual, readable",日本景点、日本餐厅、文化景点、动画/漫画,https://fonts.google.com/share?selection.family=Noto+Sans+JP:wght@300;400;500;700|Noto+Serif+JP:wght@400;500;600;700,@import url('https://fonts.googleapis.com/css2?family=Noto+Sans+JP:wght@300;400;500;700&family=Noto+Serif+JP:wght@400;500;600;700&display=swap');,"fontFamily: { serif: ['Noto Serif JP', 'serif'], sans: ['Noto Sans JP', 'sans-serif'] }",Noto 字体出色的日语支持。传统+现代的感觉。
23,Korean Modern,Sans + Sans,Noto Sans KR,Noto Sans KR,"korean, modern, clean, professional, multilingual, readable",韩国网站、韩国美容、韩国流行音乐、韩国企业、多语言,https://fonts.google.com/share?selection.family=Noto+Sans+KR:wght@300;400;500;700,@import url('https://fonts.googleapis.com/css2?family=Noto+Sans+KR:wght@300;400;500;700&display=swap');,"fontFamily: { sans: ['Noto Sans KR', 'sans-serif'] }",干净的韩文排版。具有粗细变化的单一字体。
24,Chinese Traditional,Serif + Sans,Noto Serif TC,Noto Sans TC,"chinese, traditional, elegant, cultural, multilingual, readable",繁体中文网站、文化内容、台湾/香港市场,https://fonts.google.com/share?selection.family=Noto+Sans+TC:wght@300;400;500;700|Noto+Serif+TC:wght@400;500;600;700,@import url('https://fonts.googleapis.com/css2?family=Noto+Sans+TC:wght@300;400;500;700&family=Noto+Serif+TC:wght@400;500;600;700&display=swap');,"fontFamily: { serif: ['Noto Serif TC', 'serif'], sans: ['Noto Sans TC', 'sans-serif'] }",繁体中文字符支持。优雅的搭配。
25,Chinese Simplified,Sans + Sans,Noto Sans SC,Noto Sans SC,"chinese, simplified, modern, professional, multilingual, readable",简体中文网站、中国大陆市场、商业应用,https://fonts.google.com/share?selection.family=Noto+Sans+SC:wght@300;400;500;700,@import url('https://fonts.googleapis.com/css2?family=Noto+Sans+SC:wght@300;400;500;700&display=swap');,"fontFamily: { sans: ['Noto Sans SC', 'sans-serif'] }",简体中文支持。干净现代的外观。
26,Arabic Elegant,Serif + Sans,Noto Naskh Arabic,Noto Sans Arabic,"arabic, elegant, traditional, cultural, RTL, readable",阿拉伯语网站、中东市场、伊斯兰内容、双语网站,https://fonts.google.com/share?selection.family=Noto+Naskh+Arabic:wght@400;500;600;700|Noto+Sans+Arabic:wght@300;400;500;700,@import url('https://fonts.googleapis.com/css2?family=Noto+Naskh+Arabic:wght@400;500;600;700&family=Noto+Sans+Arabic:wght@300;400;500;700&display=swap');,"fontFamily: { serif: ['Noto Naskh Arabic', 'serif'], sans: ['Noto Sans Arabic', 'sans-serif'] }",RTL 支持。 Naskh 代表传统阿拉伯语，Sans 代表现代阿拉伯语。
27,Thai Modern,Sans + Sans,Noto Sans Thai,Noto Sans Thai,"thai, modern, readable, clean, multilingual, accessible",泰国景点、东南亚、旅游、泰国餐厅,https://fonts.google.com/share?selection.family=Noto+Sans+Thai:wght@300;400;500;700,@import url('https://fonts.googleapis.com/css2?family=Noto+Sans+Thai:wght@300;400;500;700&display=swap');,"fontFamily: { sans: ['Noto Sans Thai', 'sans-serif'] }",干净的泰语排版。优秀的可读性。
28,Hebrew Modern,Sans + Sans,Noto Sans Hebrew,Noto Sans Hebrew,"hebrew, modern, RTL, clean, professional, readable",希伯来语网站、以色列市场、犹太内容、双语网站,https://fonts.google.com/share?selection.family=Noto+Sans+Hebrew:wght@300;400;500;700,@import url('https://fonts.googleapis.com/css2?family=Noto+Sans+Hebrew:wght@300;400;500;700&display=swap');,"fontFamily: { sans: ['Noto Sans Hebrew', 'sans-serif'] }",RTL 支持。干净的现代希伯来语排版。
29,Legal Professional,Serif + Sans,EB Garamond,Lato,"legal, professional, traditional, trustworthy, formal, authoritative",律师事务所、法律服务、合同、正式文件、政府,https://fonts.google.com/share?selection.family=EB+Garamond:wght@400;500;600;700|Lato:wght@300;400;700,@import url('https://fonts.googleapis.com/css2?family=EB+Garamond:wght@400;500;600;700&family=Lato:wght@300;400;700&display=swap');,"fontFamily: { serif: ['EB Garamond', 'serif'], sans: ['Lato', 'sans-serif'] }",EB Garamond 的权威。 Lato 用于干净的正文。
30,Medical Clean,Sans + Sans,Figtree,Noto Sans,"medical, clean, accessible, professional, healthcare, trustworthy",医疗保健、医疗诊所、制药、健康应用程序、无障碍,https://fonts.google.com/share?selection.family=Figtree:wght@300;400;500;600;700|Noto+Sans:wght@300;400;500;700,@import url('https://fonts.googleapis.com/css2?family=Figtree:wght@300;400;500;600;700&family=Noto+Sans:wght@300;400;500;700&display=swap');,"fontFamily: { heading: ['Figtree', 'sans-serif'], body: ['Noto Sans', 'sans-serif'] }",适用于医疗环境的干净、易于使用的字体。
31,Financial Trust,Sans + Sans,IBM Plex Sans,IBM Plex Sans,"financial, trustworthy, professional, corporate, banking, serious",银行、金融、保险、投资、金融科技、企业,https://fonts.google.com/share?selection.family=IBM+Plex+Sans:wght@300;400;500;600;700,@import url('https://fonts.googleapis.com/css2?family=IBM+Plex+Sans:wght@300;400;500;600;700&display=swap');,"fontFamily: { sans: ['IBM Plex Sans', 'sans-serif'] }",IBM Plex 传达了信任和专业精神。非常适合数据。
32,Real Estate Luxury,Serif + Sans,Cinzel,Josefin Sans,"real estate, luxury, elegant, sophisticated, property, premium",房地产、豪宅、建筑、室内设计,https://fonts.google.com/share?selection.family=Cinzel:wght@400;500;600;700|Josefin+Sans:wght@300;400;500;600;700,@import url('https://fonts.googleapis.com/css2?family=Cinzel:wght@400;500;600;700&family=Josefin+Sans:wght@300;400;500;600;700&display=swap');,"fontFamily: { serif: ['Cinzel', 'serif'], sans: ['Josefin Sans', 'sans-serif'] }",Cinzel 的优雅成为头条新闻。 Josefin 代表现代身体。
33,Restaurant Menu,Serif + Sans,Playfair Display SC,Karla,"restaurant, menu, culinary, elegant, foodie, hospitality",餐厅、咖啡馆、美食博客、烹饪、酒店业,https://fonts.google.com/share?selection.family=Karla:wght@300;400;500;600;700|Playfair+Display+SC:wght@400;700,@import url('https://fonts.googleapis.com/css2?family=Karla:wght@300;400;500;600;700&family=Playfair+Display+SC:wght@400;700&display=swap');,"fontFamily: { display: ['Playfair Display SC', 'serif'], sans: ['Karla', 'sans-serif'] }",菜单标题采用小型大写字母 Playfair。卡拉的描述。
34,Art Deco,Display + Sans,Poiret One,Didact Gothic,"art deco, vintage, 1920s, elegant, decorative, gatsby",复古活动、装饰艺术主题、豪华酒店、经典鸡尾酒,https://fonts.google.com/share?selection.family=Didact+Gothic|Poiret+One,@import url('https://fonts.googleapis.com/css2?family=Didact+Gothic&family=Poiret+One&display=swap');,"fontFamily: { display: ['Poiret One', 'sans-serif'], sans: ['Didact Gothic', 'sans-serif'] }",波烈一号仅用于装饰艺术头条新闻。身体的教诲者。
35,Magazine Style,Serif + Sans,Libre Bodoni,Public Sans,"magazine, editorial, publishing, refined, journalism, print",杂志、在线出版物、编辑内容、新闻,https://fonts.google.com/share?selection.family=Libre+Bodoni:wght@400;500;600;700|Public+Sans:wght@300;400;500;600;700,@import url('https://fonts.googleapis.com/css2?family=Libre+Bodoni:wght@400;500;600;700&family=Public+Sans:wght@300;400;500;600;700&display=swap');,"fontFamily: { serif: ['Libre Bodoni', 'serif'], sans: ['Public Sans', 'sans-serif'] }",博多尼的编辑优雅。 Public Sans 用于干净的 UI。
36,Crypto/Web3,Sans + Sans,Orbitron,Exo 2,"crypto, web3, futuristic, tech, blockchain, digital",加密平台、NFT、区块链、web3、未来科技,https://fonts.google.com/share?selection.family=Exo+2:wght@300;400;500;600;700|Orbitron:wght@400;500;600;700,@import url('https://fonts.googleapis.com/css2?family=Exo+2:wght@300;400;500;600;700&family=Orbitron:wght@400;500;600;700&display=swap');,"fontFamily: { display: ['Orbitron', 'sans-serif'], body: ['Exo 2', 'sans-serif'] }",Orbitron 用于未来派标头。 Exo 2 用于可读正文。
37,Gaming Bold,Display + Sans,Russo One,Chakra Petch,"gaming, bold, action, esports, competitive, energetic",游戏、电子竞技、动作游戏、竞技体育、娱乐,https://fonts.google.com/share?selection.family=Chakra+Petch:wght@300;400;500;600;700|Russo+One,@import url('https://fonts.googleapis.com/css2?family=Chakra+Petch:wght@300;400;500;600;700&family=Russo+One&display=swap');,"fontFamily: { display: ['Russo One', 'sans-serif'], body: ['Chakra Petch', 'sans-serif'] }",俄罗斯一号的影响力。 Chakra Petch 用于技术正文。
38,Indie/Craft,Display + Sans,Amatic SC,Cabin,"indie, craft, handmade, artisan, organic, creative",工艺品牌、独立产品、工匠、手工制作、有机产品,https://fonts.google.com/share?selection.family=Amatic+SC:wght@400;700|Cabin:wght@400;500;600;700,@import url('https://fonts.googleapis.com/css2?family=Amatic+SC:wght@400;700&family=Cabin:wght@400;500;600;700&display=swap');,"fontFamily: { display: ['Amatic SC', 'sans-serif'], sans: ['Cabin', 'sans-serif'] }",Amatic 带来手写感觉。可读主体的小屋。
39,Startup Bold,Sans + Sans,Clash Display,Satoshi,"startup, bold, modern, innovative, confident, dynamic",初创公司、融资演讲稿、产品发布、大胆品牌,https://fonts.google.com/share?selection.family=Outfit:wght@400;500;600;700|Rubik:wght@300;400;500;600;700,@import url('https://fonts.googleapis.com/css2?family=Outfit:wght@400;500;600;700&family=Rubik:wght@300;400;500;600;700&display=swap');,"fontFamily: { heading: ['Outfit', 'sans-serif'], body: ['Rubik', 'sans-serif'] }",注意：Fontshare 上的显示冲突。Outfit 作为谷歌的替代品。
40,E-commerce Clean,Sans + Sans,Rubik,Nunito Sans,"ecommerce, clean, shopping, product, retail, conversion",电子商务、在线商店、产品页面、零售、购物,https://fonts.google.com/share?selection.family=Nunito+Sans:wght@300;400;500;600;700|Rubik:wght@300;400;500;600;700,@import url('https://fonts.googleapis.com/css2?family=Nunito+Sans:wght@300;400;500;600;700&family=Rubik:wght@300;400;500;600;700&display=swap');,"fontFamily: { heading: ['Rubik', 'sans-serif'], body: ['Nunito Sans', 'sans-serif'] }",干净易读的字体非常适合产品描述。
41,Academic/Research,Serif + Sans,Crimson Pro,Atkinson Hyperlegible,"academic, research, scholarly, accessible, readable, educational",大学、研究论文、学术期刊、教育,https://fonts.google.com/share?selection.family=Atkinson+Hyperlegible:wght@400;700|Crimson+Pro:wght@400;500;600;700,@import url('https://fonts.googleapis.com/css2?family=Atkinson+Hyperlegible:wght@400;700&family=Crimson+Pro:wght@400;500;600;700&display=swap');,"fontFamily: { serif: ['Crimson Pro', 'serif'], sans: ['Atkinson Hyperlegible', 'sans-serif'] }",深红色为学术头条新闻。阿特金森的无障碍。
42,Dashboard Data,Mono + Sans,Fira Code,Fira Sans,"dashboard, data, analytics, code, technical, precise",仪表板、分析、数据可视化、管理面板,https://fonts.google.com/share?selection.family=Fira+Code:wght@400;500;600;700|Fira+Sans:wght@300;400;500;600;700,@import url('https://fonts.googleapis.com/css2?family=Fira+Code:wght@400;500;600;700&family=Fira+Sans:wght@300;400;500;600;700&display=swap');,"fontFamily: { mono: ['Fira Code', 'monospace'], sans: ['Fira Sans', 'sans-serif'] }",费拉家族的凝聚力。数据用代码，标签用 Sans。
43,Music/Entertainment,Display + Sans,Righteous,Poppins,"music, entertainment, fun, energetic, bold, performance",音乐平台、娱乐、活动、节日、表演者,https://fonts.google.com/share?selection.family=Poppins:wght@300;400;500;600;700|Righteous,@import url('https://fonts.googleapis.com/css2?family=Poppins:wght@300;400;500;600;700&family=Righteous&display=swap');,"fontFamily: { display: ['Righteous', 'sans-serif'], sans: ['Poppins', 'sans-serif'] }",正义的大胆娱乐标题。 Poppins 的身体。
44,Minimalist Portfolio,Sans + Sans,Archivo,Space Grotesk,"minimal, portfolio, designer, creative, clean, artistic",设计作品集、创意专业人士、简约品牌,https://fonts.google.com/share?selection.family=Archivo:wght@300;400;500;600;700|Space+Grotesk:wght@300;400;500;600;700,@import url('https://fonts.googleapis.com/css2?family=Archivo:wght@300;400;500;600;700&family=Space+Grotesk:wght@300;400;500;600;700&display=swap');,"fontFamily: { heading: ['Space Grotesk', 'sans-serif'], body: ['Archivo', 'sans-serif'] }",Space Grotesk 用于独特的标题。 Archivo 用于清洁身体。
45,Kids/Education,Display + Sans,Baloo 2,Comic Neue,"kids, education, playful, friendly, colorful, learning",儿童应用、教育游戏、适合儿童的内容,https://fonts.google.com/share?selection.family=Baloo+2:wght@400;500;600;700|Comic+Neue:wght@300;400;700,@import url('https://fonts.googleapis.com/css2?family=Baloo+2:wght@400;500;600;700&family=Comic+Neue:wght@300;400;700&display=swap');,"fontFamily: { display: ['Baloo 2', 'sans-serif'], sans: ['Comic Neue', 'sans-serif'] }",适合儿童的有趣、俏皮的字体。 Comic Neue 是一种可读的漫画风格。
46,Wedding/Romance,Script + Serif,Great Vibes,Cormorant Infant,"wedding, romance, elegant, script, invitation, feminine",婚礼网站、请柬、浪漫品牌、新娘,https://fonts.google.com/share?selection.family=Cormorant+Infant:wght@300;400;500;600;700|Great+Vibes,@import url('https://fonts.googleapis.com/css2?family=Cormorant+Infant:wght@300;400;500;600;700&family=Great+Vibes&display=swap');,"fontFamily: { script: ['Great Vibes', 'cursive'], serif: ['Cormorant Infant', 'serif'] }",优雅的氛围营造出美妙的氛围。可读文本的鸬鹚。
47,Science/Tech,Sans + Sans,Exo,Roboto Mono,"science, technology, research, data, futuristic, precise",科学、研究、技术文档、数据密集型网站,https://fonts.google.com/share?selection.family=Exo:wght@300;400;500;600;700|Roboto+Mono:wght@300;400;500;700,@import url('https://fonts.googleapis.com/css2?family=Exo:wght@300;400;500;600;700&family=Roboto+Mono:wght@300;400;500;700&display=swap');,"fontFamily: { sans: ['Exo', 'sans-serif'], mono: ['Roboto Mono', 'monospace'] }",Exo 具有现代科技感。 Roboto Mono 用于代码/数据。
48,Accessibility First,Sans + Sans,Atkinson Hyperlegible,Atkinson Hyperlegible,"accessible, readable, inclusive, WCAG, dyslexia-friendly, clear",无障碍关键站点、政府、医疗保健、包容性设计,https://fonts.google.com/share?selection.family=Atkinson+Hyperlegible:wght@400;700,@import url('https://fonts.googleapis.com/css2?family=Atkinson+Hyperlegible:wght@400;700&display=swap');,"fontFamily: { sans: ['Atkinson Hyperlegible', 'sans-serif'] }",专为最大程度的易读性而设计。非常适合可访问性。
49,Sports/Fitness,Sans + Sans,Barlow Condensed,Barlow,"sports, fitness, athletic, energetic, condensed, action",体育、健身、健身房、运动品牌、竞赛,https://fonts.google.com/share?selection.family=Barlow+Condensed:wght@400;500;600;700|Barlow:wght@300;400;500;600;700,@import url('https://fonts.googleapis.com/css2?family=Barlow+Condensed:wght@400;500;600;700&family=Barlow:wght@300;400;500;600;700&display=swap');,"fontFamily: { display: ['Barlow Condensed', 'sans-serif'], body: ['Barlow', 'sans-serif'] }",浓缩为具有影响力的头条新闻。身体的常规巴洛。
50,Luxury Minimalist,Serif + Sans,Bodoni Moda,Jost,"luxury, minimalist, high-end, sophisticated, refined, premium",奢华简约品牌、高端时尚、优质产品,https://fonts.google.com/share?selection.family=Bodoni+Moda:wght@400;500;600;700|Jost:wght@300;400;500;600;700,@import url('https://fonts.googleapis.com/css2?family=Bodoni+Moda:wght@400;500;600;700&family=Jost:wght@300;400;500;600;700&display=swap');,"fontFamily: { serif: ['Bodoni Moda', 'serif'], sans: ['Jost', 'sans-serif'] }",Bodoni 的高对比优雅。 Jost 为几何体。
51,Tech/HUD Mono,Mono + Mono,Share Tech Mono,Fira Code,"tech, futuristic, hud, sci-fi, data, monospaced, precise",科幻界面、开发者工具、网络安全、仪表板,https://fonts.google.com/share?selection.family=Fira+Code:wght@300;400;500;600;700|Share+Tech+Mono,@import url('https://fonts.googleapis.com/css2?family=Fira+Code:wght@300;400;500;600;700&family=Share+Tech+Mono&display=swap');,"fontFamily: { hud: ['Share Tech Mono', 'monospace'], code: ['Fira Code', 'monospace'] }",Share Tech Mono 具有经典的科幻外观。
52,Pixel Retro,Display + Sans,Press Start 2P,VT323,"pixel, retro, gaming, 8-bit, nostalgic, arcade",像素艺术游戏、复古网站、创意作品集,https://fonts.google.com/share?selection.family=Press+Start+2P|VT323,@import url('https://fonts.googleapis.com/css2?family=Press+Start+2P&family=VT323&display=swap');,"fontFamily: { pixel: ['Press Start 2P', 'cursive'], terminal: ['VT323', 'monospace'] }",按开始 2P 非常宽/大。 VT323 更适合正文。
53,Neubrutalist Bold,Display + Sans,Lexend Mega,Public Sans,"bold, neubrutalist, loud, strong, geometric, quirky",中性主义设计、Z 世代品牌、大胆营销,https://fonts.google.com/share?selection.family=Lexend+Mega:wght@100..900|Public+Sans:wght@100..900,@import url('https://fonts.googleapis.com/css2?family=Lexend+Mega:wght@100..900&family=Public+Sans:wght@100..900&display=swap');,"fontFamily: { mega: ['Lexend Mega', 'sans-serif'], body: ['Public Sans', 'sans-serif'] }",Lexend Mega 具有鲜明的特征和可变的重量。
54,Academic/Archival,Serif + Serif,EB Garamond,Crimson Text,"academic, old-school, university, research, serious, traditional",大学网站、档案、研究论文、历史,https://fonts.google.com/share?selection.family=Crimson+Text:wght@400;600;700|EB+Garamond:wght@400;500;600;700;800,@import url('https://fonts.googleapis.com/css2?family=Crimson+Text:wght@400;600;700&family=EB+Garamond:wght@400;500;600;700;800&display=swap');,"fontFamily: { classic: ['EB Garamond', 'serif'], text: ['Crimson Text', 'serif'] }",经典学院派美学。非常清晰。
55,Spatial Clear,Sans + Sans,Inter,Inter,"spatial, legible, glass, system, clean, neutral",空间计算、AR/VR、玻璃拟态 / 磨砂玻璃风接口,https://fonts.google.com/share?selection.family=Inter:wght@300;400;500;600,@import url('https://fonts.googleapis.com/css2?family=Inter:wght@300;400;500;600&display=swap');,"fontFamily: { sans: ['Inter', 'sans-serif'] }",针对动态背景的可读性进行了优化。
56,Kinetic Motion,Display + Mono,Syncopate,Space Mono,"kinetic, motion, futuristic, speed, wide, tech",音乐节、汽车、高能品牌,https://fonts.google.com/share?selection.family=Space+Mono:wght@400;700|Syncopate:wght@400;700,@import url('https://fonts.googleapis.com/css2?family=Space+Mono:wght@400;700&family=Syncopate:wght@400;700&display=swap');,"fontFamily: { display: ['Syncopate', 'sans-serif'], mono: ['Space Mono', 'monospace'] }",切分音的宽姿态非常适合运动效果。
57,Gen Z Brutal,Display + Sans,Anton,Epilogue,"brutal, loud, shouty, meme, internet, bold",Z 世代营销、街头服饰、病毒式营销活动,https://fonts.google.com/share?selection.family=Anton|Epilogue:wght@400;500;600;700,@import url('https://fonts.googleapis.com/css2?family=Anton&family=Epilogue:wght@400;500;600;700&display=swap');,"fontFamily: { display: ['Anton', 'sans-serif'], body: ['Epilogue', 'sans-serif'] }",Anton is impactful and condensed. Good for stickers/badges.
58,Bauhaus Geometric,Geometric Sans + Single Weight,Outfit,Outfit,"bauhaus, geometric, constructivist, bold, uppercase, architectural, mechanical, poster, tactile","Bauhaus mobile apps, bold editorial mobile, design-forward branding apps, art/culture platforms",https://fonts.google.com/share?selection.family=Outfit:wght@400;500;700;900,@import url('https://fonts.googleapis.com/css2?family=Outfit:wght@400;500;700;900&display=swap');,"fontFamily: { display: ['Outfit', 'sans-serif'], body: ['Outfit', 'sans-serif'] }",Single-family system: Outfit 900 uppercase tracking-tighter for heroes; Outfit 700 uppercase for buttons/nav; Outfit 500 for body. Scale aggressively: text-4xl–text-5xl headlines on mobile.
59,Minimalist Monochrome Editorial,Serif + Serif + Mono (Triple Stack),Playfair Display,Source Serif 4,"monochrome, editorial, austere, typographic, pocket manifesto, luxury, high contrast, brutalist mobile",奢华时尚移动应用程序、社论出版物、数字展览、作品集应用程序、高对比度电子阅读器美学,"https://fonts.google.com/share?selection.family=JetBrains+Mono:wght@400;500|Playfair+Display:ital,wght@0,400;0,700;0,900;1,400|Source+Serif+4:ital,wght@0,300;0,400;0,600;1,300","@import url('https://fonts.googleapis.com/css2?family=JetBrains+Mono:wght@400;500&family=Playfair+Display:ital,wght@0,400;0,700;0,900;1,400&family=Source+Serif+4:ital,wght@0,300;0,400;0,600;1,300&display=swap');","fontFamily: { display: ['Playfair Display', 'serif'], body: ['Source Serif 4', 'serif'], mono: ['JetBrains Mono', 'monospace'] }",三重堆栈：Playfair Display 900 跟踪-更紧密的领先-[0.9] 英雄（text-5xl - text-6xl 以图形方式打破单词）。 Source Serif 4 300–600 保证正文的易读性。 JetBrains Mono 400–500 大写字母跟踪最宽的标签/日期/标签。没有 UI 无衬线 — 100% 衬线/单色。
60,Modern Dark Cinema (Inter System),Sans + Mono,Inter,Inter,"dark, cinematic, technical, precision, clean, premium, developer, professional, high-end utility",开发者工具、金融科技/交易、人工智能仪表板、流媒体平台、高端生产力应用程序,https://fonts.google.com/share?selection.family=Inter:wght@300;400;500;600;700,@import url('https://fonts.googleapis.com/css2?family=Inter:wght@300;400;500;600;700&display=swap');,"fontFamily: { sans: ['Inter', 'sans-serif'] }","单系列精密系统：Inter 700（-1.5 跟踪），用于 Display 48pt； Inter 600（-0.5 追踪）H1 32pt / H2 24pt； Inter 400 身体 16pt； Inter 500 大写 +1.2 跟踪标签/单声道。通过 mask-view + react-native-linear-gradient (#FFFFFF → rgba(255,255,255,0.7)) 在主要标题上实现渐变文本。"
61,SaaS Mobile Boutique (Calistoga + Inter),Display Serif + Sans + Mono,Calistoga,Inter,"saas, boutique, electric, warm, editorial, bold, premium, fintech, business, dual font, human warmth",B2B SaaS 移动、金融科技应用程序、分析仪表板、营销工具、运营平台,https://fonts.google.com/share?selection.family=Calistoga:ital@0;1|Inter:wght@300;400;500;600;700|JetBrains+Mono:wght@400;500,@import url('https://fonts.googleapis.com/css2?family=Calistoga:ital@0;1&family=Inter:wght@300;400;500;600;700&family=JetBrains+Mono:wght@400;500&display=swap');,"fontFamily: { display: ['Calistoga', 'serif'], body: ['Inter', 'sans-serif'], mono: ['JetBrains Mono', 'monospace'] }",三叠：英雄卡利斯托加（增添人性温暖）36-42 分领先-1.1； Inter 400–600 身体/UI 16–18pt； JetBrains Mono 12pt 大写跟踪 - [1.5] 用于数据标签和部分徽章。比例：英雄 36–42pt，H2 部分 28–32pt，主体 16–18pt，标签 12pt。除社论标注外，避免使用斜体卡利斯托加。
62,Terminal CLI Monospace,Mono + Mono (Single Family),JetBrains Mono,JetBrains Mono,"terminal, cli, hacker, monospace, matrix, developer, retro-future, command line, precision, OLED",开发者工具、Web3/区块链应用、黑客美学、科幻游戏、ARG、安全工具、极客文化组合,"https://fonts.google.com/share?selection.family=JetBrains+Mono:ital,wght@0,400;0,500;1,400","@import url('https://fonts.googleapis.com/css2?family=JetBrains+Mono:ital,wght@0,400;0,500;1,400&display=swap');","fontFamily: { mono: ['JetBrains Mono', 'monospace'] }",单一等宽系统：仅使用 JetBrains Mono（或 SpaceMono-Regular 作为系统后备）。严格的尺寸：仅 12pt / 14pt / 16pt — 没有中间值。重量：400 正常（粗体废墟单色字符）。行高：信息密度的 1.2 倍字体大小。字母间距：正常（等宽自动间距）。所有 UI 标签均大写。 ASCII 边框和基于文本的进度条。
63,Kinetic Brutalism (Space Grotesk),Geometric Sans (Single Dominant),Space Grotesk,Space Grotesk,"kinetic, brutalist, aggressive, uppercase, oversized, display, motion, street, bold, high-energy, zine",音乐/文化应用、体育平台、品牌旗舰手机、性能仪表板、地下产品投放,https://fonts.google.com/share?selection.family=Space+Grotesk:wght@400;500;600;700,@import url('https://fonts.googleapis.com/css2?family=Space+Grotesk:wght@400;500;600;700&display=swap');,"fontFamily: { display: ['Space Grotesk', 'sans-serif'], body: ['Space Grotesk', 'sans-serif'] }",主要的单字体系列系统：Space Grotesk 700-900 用于全部展示。比例：英雄 60–120pt（窗口宽度/375*尺寸），部分 40–50pt，卡片标题 28–32pt，正文 18–20pt，标签 12pt。所有显示/按钮/导航：大写，字母间距 -1（大）/+2（标签），行高 0.9–1.1x。使用国际米兰作为后备。字体比例必须使用 PixelRatio 帮助程序来实现响应式大小调整。
64,Flat Design Mobile (System Bold),Sans + Sans,Inter,Inter,"flat, clean, system, bold, geometric, cross-platform, icon, poster, minimal, functional, responsive",跨平台应用程序、仪表板、系统 UI、入门、营销页面、信息应用程序、图标密集型界面,https://fonts.google.com/share?selection.family=Inter:wght@400;600;700;800,@import url('https://fonts.googleapis.com/css2?family=Inter:wght@400;600;700;800&display=swap');,"fontFamily: { sans: ['Inter', 'sans-serif'] }",系统优先策略：Inter 作为主要策略，在 iOS/Android 上回退到系统 SF/Roboto。比例：标题 fontWeight 800 letterSpacing -0.5；副标题字体粗细 600 字体大小 18；正文字体粗细 400，行高 24；标签 fontWeight 700 大写字母间距 1。粗粗的字重承载所有层次结构，因为没有阴影。使用激进的尺寸对比（海报规则：正文 16pt 与标题 40pt+）。避免斜体。
65,Material You MD3 (Roboto System),Sans (System Default),Roboto,Roboto,"material design 3, md3, android, google, tonal, friendly, rounded, accessible, adaptive",Android 应用程序、跨平台工具、生产力软件、数据密集型 B2B 仪表板、企业移动设备,"https://fonts.google.com/share?selection.family=Roboto:ital,wght@0,300;0,400;0,500;0,700;1,400","@import url('https://fonts.googleapis.com/css2?family=Roboto:ital,wght@0,300;0,400;0,500;0,700;1,400&display=swap');","fontFamily: { sans: ['Roboto', 'sans-serif'] }",MD3 类型比例：显示大 56px/400/64px。标题大 32px/500/40px。标题大 22px/500/28px。主体大 16px/400/24px。标签中号 12px/500/16px。按钮和标签：letterSpacing 0.1px。在 Android 上使用 Roboto 系统；从适用于 iOS 的 Google Fonts 加载。切勿使用超过 300–700 的自定义权重。
66,Neo Brutalism Mobile (Space Grotesk Heavy),Geometric Sans (Bold-Only),Space Grotesk,Space Grotesk,"neo brutalism, pop art, loud, bold, heavy, stickers, mechanical, high contrast, cream, gen-z",创意工具、Z 世代营销、青年文化电子商务、内容组合、拼贴式应用程序,https://fonts.google.com/share?selection.family=Space+Grotesk:wght@700,@import url('https://fonts.googleapis.com/css2?family=Space+Grotesk:wght@700&display=swap');,"fontFamily: { display: ['Space Grotesk', 'sans-serif'], body: ['Space Grotesk', 'sans-serif'] }",仅限 700（粗体）和 900（黑色/粗体）——绝不是常规或浅色。显示：48–64px。标题：24–32px。身体：18–20px（对于野兽派密度来说保持沉重）。标签：14px 全部大写字母间距 2. 所有按钮和导航：大写。系统粗体作为后备。没有斜体，没有细重。
67,Bold Typography Mobile (Inter-Tight Poster),Sans + Serif (Display) + Mono,Inter,Playfair Display,"bold typography, editorial, poster, near-black, vermillion, luxury, type-as-hero, manifesto, high-contrast",创意品牌旗舰店、阅读平台、活动应用程序、Flash 页面、奢华移动体验,"https://fonts.google.com/share?selection.family=Inter:ital,wght@0,400;0,500;0,600;0,700;0,800;1,400|JetBrains+Mono:wght@400|Playfair+Display:ital@1","@import url('https://fonts.googleapis.com/css2?family=Inter:ital,wght@0,400;0,500;0,600;0,700;0,800;1,400&family=JetBrains+Mono:wght@400&family=Playfair+Display:ital@1&display=swap');","fontFamily: { display: ['Inter', 'sans-serif'], quote: ['Playfair Display', 'serif'], mono: ['JetBrains Mono', 'monospace'] }",三层堆栈：所有 UI 的 Inter 600–800（字母间距 -1.5px 英雄，-0.5px 小标题）。 Playfair 仅在重要引述中显示斜体。用于标签和统计数据的 JetBrains Mono。比例：12px 标签、16px 主体、22px 子部分、32px 部分、40px H2、56px H1、72px 英雄声明。 H1:Body 的比例为 5:1。 lineHeight 1.1 标题，1.6 正文。下划线（2-3 点重音）取代了交互按钮。
68,Academia Mobile (Cormorant + Crimson + Cinzel),Serif + Book Serif + Engraved (Triple Stack),Cormorant Garamond,Crimson Pro,"academia, library, mahogany, parchment, brass, scholarly, prestige, antique, victorian, leather",知识管理应用、学术阅读工具、个人品牌组合、RPG 游戏、文化社区平台,"https://fonts.google.com/share?selection.family=Cinzel:wght@400;500;600|Cormorant+Garamond:ital,wght@0,300;0,500;0,700;1,300;1,500|Crimson+Pro:ital,wght@0,300;0,400;0,600;1,300;1,400","@import url('https://fonts.googleapis.com/css2?family=Cinzel:wght@400;500;600&family=Cormorant+Garamond:ital,wght@0,300;0,500;0,700;1,300;1,500&family=Crimson+Pro:ital,wght@0,300;0,400;0,600;1,300;1,400&display=swap');","fontFamily: { heading: ['Cormorant Garamond', 'serif'], body: ['Crimson Pro', 'serif'], display: ['Cinzel', 'serif'] }",三重堆叠：Cormorant Garamond Medium，适用于所有标题（32–40px 紧密前导）。 Crimson Pro Regular 用于正文阅读文本（16–18px，行高 24–26px）。 Cinzel SemiBold 用于全大写标签、上划线、部分前缀（10–12px，字母间距 2–3px）。首字下沉：第一个字母 60px Cinzel，黄铜 #C9A962。部分前缀：VOLUME I/II/III，Cinzel 10px。任何地方都没有无衬线字体。
69,Cyberpunk Mobile (Orbitron + JetBrains Mono),Tech Display + Mono,Orbitron,JetBrains Mono,"cyberpunk, neon, glitch, hud, sci-fi, dark, matrix green, magenta, chamfered, tactical",游戏配套应用程序、金融科技/加密货币、数据可视化、黑暗品牌应用程序、赛博朋克叙事游戏,https://fonts.google.com/share?selection.family=JetBrains+Mono:wght@400;500|Orbitron:wght@700;900,@import url('https://fonts.googleapis.com/css2?family=JetBrains+Mono:wght@400;500&family=Orbitron:wght@700;900&display=swap');,"fontFamily: { heading: ['Orbitron', 'sans-serif'], body: ['JetBrains Mono', 'monospace'] }",双堆栈：H1 的 Orbitron 700–900（42px 大写字母间距 4，字体粗细 900）。 JetBrains Mono 400–500 适用于所有正文/数据文本（14px 字母间距 1）。标签：10px 大写，不透明度 0.7。标题比例激进：H1 42px，H2 28px，部分 20px。仅正文 14px 等宽字体。禁止混合无衬线字体。后备：等宽系统字体。 Orbitron 需要加载 - 使用 NativeWind 或 useFonts 挂钩。
70,Web3 Bitcoin DeFi (Space Grotesk + Inter + Mono),Geometric Sans + Sans + Mono (Triple),Space Grotesk,Inter,"web3, bitcoin, defi, digital gold, fintech, crypto, trustless, luminescent, precision, dark",DeFi 协议和钱包、NFT 平台、Metaverse 社交应用、高科技品牌登陆页面,https://fonts.google.com/share?selection.family=Inter:wght@400;500;600;700|JetBrains+Mono:wght@400;500|Space+Grotesk:wght@500;600;700,@import url('https://fonts.googleapis.com/css2?family=Inter:wght@400;500;600;700&family=JetBrains+Mono:wght@400;500&family=Space+Grotesk:wght@500;600;700&display=swap');,"fontFamily: { heading: ['Space Grotesk', 'sans-serif'], body: ['Inter', 'sans-serif'], mono: ['JetBrains Mono', 'monospace'] }",三叠层：Space Grotesk 600-700 用于标题（几何、技术字符）。 Inter 400–600 适用于所有正文和 UI 文本（高易读性）。 JetBrains Mono Medium 适用于所有数据/统计数据/价格/哈希（技术准确性）。按钮：Inter Bold 大写字母间距 1.5。平衡图使用 MaskedView 渐变文本（橙色→金色）。标题比例：H1 36–42px、H2 24–28px、正文 16–18px、单色标签 12–14px。
71,Claymorphism Mobile (Nunito + DM Sans),Display Rounded + Geometric Sans,Nunito,DM Sans,"claymorphism, clay, rounded, playful, candy, bubbly, soft, 3d, children, education, tactile, spring, nunito, dm sans",儿童教育应用、青少年社交、品牌吉祥物应用、创意工具、金融科技游戏化,"https://fonts.google.com/share?selection.family=DM+Sans:ital,wght@0,400;0,500;0,700;1,400|Nunito:ital,wght@0,700;0,800;0,900;1,700","@import url('https://fonts.googleapis.com/css2?family=DM+Sans:ital,wght@0,400;0,500;0,700;1,400&family=Nunito:ital,wght@0,700;0,800;0,900;1,700&display=swap');","fontFamily: { display: ['Nunito', 'sans-serif'], body: ['DM Sans', 'sans-serif'] }",双栈：Nunito Black (900) 或 ExtraBold (800) 适用于所有标题 — 圆形端子是强制性的。 DM Sans Medium (500) 用于正文 — 干净且几何。比例：英雄 48px，行高 52，字母间距 -1。部分标题 32px 行高 38。卡片标题 22px 行高 28。正文 16px 行高 24。切勿将 Nunito 用于正文（小尺寸时装饰性太强）。任何标题切勿使用低于 700 的字重。 includeFontPadding: false 在所有 Nunito Text 组件上用于圆形按钮中的垂直居中。
72,Enterprise SaaS Mobile (Plus Jakarta Sans),Geometric Sans (Single Family),Plus Jakarta Sans,Plus Jakarta Sans,"enterprise, saas, b2b, professional, indigo, modern, approachable, legible, ios dynamic type, android scaling",B2B SaaS 应用程序、生产力工具、政府和金融移动应用程序、管理仪表板、企业入职培训,"https://fonts.google.com/share?selection.family=Plus+Jakarta+Sans:ital,wght@0,400;0,600;0,700;0,800;1,400","@import url('https://fonts.googleapis.com/css2?family=Plus+Jakarta+Sans:ital,wght@0,400;0,600;0,700;0,800;1,400&display=swap');","fontFamily: { sans: ['Plus Jakarta Sans', 'sans-serif'] }",单字体系列系统：Plus Jakarta Sans 平衡了专业权威与移动平易近人性。粗细刻度：屏幕标题/英雄为 ExtraBold 800（行高 1.1–1.2）。章节标题用粗体 700 表示。 SemiBold 600 用于卡片标题和按钮。正文常规 400（行高 1.4–1.5）。必须支持 iOS 动态类型和 Android 字体缩放 - 切勿在不考虑系统字体缩放的情况下对像素大小进行硬编码。按钮文本：大写，字母间距 0.5。标题：12px 常规。静音：Slate 500 #64748B。
73,Sketch Hand-Drawn Mobile (Kalam + Patrick Hand),Handwritten + Handwritten (Dual),Kalam,Patrick Hand,"sketch, hand-drawn, handwriting, human, imperfect, organic, paper, kalam, patrick hand, education, journal, creative",日记应用程序、原型工具、儿童图画书应用程序、创意平台、游戏化益智应用程序,https://fonts.google.com/share?selection.family=Kalam:wght@400;700|Patrick+Hand,@import url('https://fonts.googleapis.com/css2?family=Kalam:wght@400;700&family=Patrick+Hand&display=swap');,"fontFamily: { heading: ['Kalam', 'cursive'], body: ['Patrick Hand', 'cursive'] }",双手写堆栈：Kalam Bold (700) 适用于所有标题 — 高视觉重量、毡尖标记美观，传达故意的混乱。 Patrick Hand Regular 适用于所有正文 — 在移动尺寸下高度清晰，同时保持明显的人性化。比例：标题 28–36px，并针对下降部分调整行高。正文 16–18px，行高 1.5。标签 14px。相邻元素之间的字体大小略有不同，以获得自然的感觉。避免对齐：长正文文本为“居中”——左对齐阅读起来更自然。这两种字体都需要在 Expo 中加载 useFonts。切勿将这些字体用于财务数字或法律文本。
74,Neumorphism Mobile (Plus Jakarta Sans + System),Geometric Sans (System Fallback),Plus Jakarta Sans,Plus Jakarta Sans,"neumorphism, soft ui, monochromatic, cool grey, minimal, physical, depth, ceramic, system font, utility",智能家居控制、最少的工具、美观的仪表板、健康监视器、品牌展示页面,"https://fonts.google.com/share?selection.family=Plus+Jakarta+Sans:ital,wght@0,400;0,500;0,700;1,400","@import url('https://fonts.googleapis.com/css2?family=Plus+Jakarta+Sans:ital,wght@0,400;0,500;0,700;1,400&display=swap');","fontFamily: { sans: ['Plus Jakarta Sans', 'sans-serif'] }",单系列或系统后备：Plus Jakarta Sans Bold/Medium 与单色 #E0E5EC 表面完美搭配 - 微妙的几何形状，而不与深度效果竞争。标题：24–32px 粗体 (700)，字母间距 -0.5，营造现代高级感。正文：16px 中 (500)，行高 1.4。标题：12px 常规 (400)。对所有主要文本使用主要文本 #3D4852（与 #E0E5EC 对比为 7.5:1）。使用文本静音 #6B7280（4.6:1 对比度）作为辅助文本。强调色 #6C63FF 仅适用于活动标签或焦点指示器。切勿使用斜体或细字重——它们在浮雕背景下会失去可读性。对于性能敏感的实施，系统（SF Pro / Roboto）是可接受的后备方案。
