No,UI_Category,Recommended_Pattern,Style_Priority,Color_Mood,Typography_Mood,Key_Effects,Decision_Rules,Anti_Patterns,Severity
1,SaaS (General),Hero + Features + CTA,Glassmorphism + Flat Design,信任蓝色+强调对比,专业+层级,微妙的悬停（200-250ms）+平滑过渡,"{""if_ux_focused"": ""prioritize-minimalism"", ""if_data_heavy"": ""add-glassmorphism""}",过多动画+默认暗黑模式,HIGH
2,Micro SaaS,Hero-Centric + Trust,Motion-Driven + Vibrant & Block,粗体原色+强调对比,现代+充满活力的排版,滚动触发动画+视差,"{""if_pre_launch"": ""use-waitlist-pattern"", ""if_video_ready"": ""add-hero-video""}",静态设计+无视频+移动端较差,HIGH
3,E-commerce,Feature-Rich Showcase,Vibrant & Block-based,品牌主+成功绿,参与+清晰的层次结构,卡片悬停升降（200ms）+缩放效果,"{""if_luxury"": ""switch-to-liquid-glass"", ""if_conversion_focused"": ""add-urgency-colors""}",没有深度的扁平化设计+文字较多的页面,HIGH
4,E-commerce Luxury,Feature-Rich Showcase,Liquid Glass + Glassmorphism,优质的色彩+极简的口音,优雅+精致的排版,色差+流体动画（400-600ms）,"{""if_checkout"": ""emphasize-trust"", ""if_hero_needed"": ""use-3d-hyperrealism""}",充满活力的块状+俏皮的色彩,HIGH
5,B2B Service,Feature-Rich Showcase + Trust,Trust & Authority + Minimalism,专业蓝+中性灰,正式+清晰的排版,部分过渡+功能揭示,"{""must_have"": ""case-studies"", ""must_have"": ""roi-messaging""}",俏皮设计+隐藏凭证+AI 紫/粉色渐变,HIGH
6,Financial Dashboard,Data-Dense Dashboard,Dark Mode (OLED) + Data-Dense,深色背景 + 红/绿警报 + 信任蓝,清晰+可读的排版,实时数字动画+警报脉冲,"{""must_have"": ""real-time-updates"", ""must_have"": ""high-contrast""}",光照模式默认+慢速渲染,HIGH
7,Analytics Dashboard,Data-Dense + Drill-Down,Data-Dense + Heat Map,冷色→热色渐变+中性灰,清晰+功能性的排版,悬停工具提示+图表缩放+过滤动画,"{""must_have"": ""data-export"", ""if_large_dataset"": ""virtualize-lists""}",华丽的设计+无过滤,HIGH
8,Healthcare App,Social Proof-Focused,Neumorphism + Accessible & Ethical,平静蓝+健康绿,可读 + 大字体 (16px+),柔光箱-阴影+平滑按压（150ms）,"{""must_have"": ""wcag-aaa-compliance"", ""if_medication"": ""red-alert-colors""}",明亮的霓虹色 + 运动动画 + AI 紫色/粉色渐变,HIGH
9,Educational App,Feature-Rich Showcase,Claymorphism + Micro-interactions,俏皮的色彩+清晰的层次,友好+引人入胜的排版,轻压（200ms）+蓬松元素,"{""if_gamification"": ""add-progress-animation"", ""if_children"": ""increase-playfulness""}",暗黑模式+复杂行话,MEDIUM
10,Creative Agency,Storytelling-Driven,Brutalism + Motion-Driven,大胆的初选+艺术自由,大胆+富有表现力的排版,CRT 扫描线 + 霓虹灯发光 + 毛刺效果,"{""must_have"": ""case-studies"", ""if_boutique"": ""increase-artistic-freedom""}",企业极简主义+隐藏的投资组合,HIGH
11,Portfolio/Personal,Storytelling-Driven,Motion-Driven + Minimalism,品牌主力+艺术性,富有表现力+可变排版,视差（3-5 层）+滚动触发显示,"{""if_creative_field"": ""add-brutalism"", ""if_minimal_portfolio"": ""reduce-motion""}",企业模板+通用布局,MEDIUM
12,Gaming,Feature-Rich Showcase,3D & Hyperrealism + Retro-Futurism,活力+霓虹灯+沉浸式,大胆+有影响力的排版,WebGL 3D 渲染+故障效果,"{""if_competitive"": ""add-real-time-stats"", ""if_casual"": ""increase-playfulness""}",极简设计+静态资源,HIGH
13,Government/Public Service,Minimal & Direct,Accessible & Ethical + Minimalism,专业蓝+高对比度,清晰+大字体,清晰的焦点环（3-4px）+跳过链接,"{""must_have"": ""wcag-aaa"", ""must_have"": ""keyboard-navigation""}",华丽的设计+低对比度+动态效果+AI 紫色/粉色渐变,HIGH
14,Fintech/Crypto,Trust & Authority,Minimalism + Accessible & Ethical,海军蓝+信赖蓝+金色,专业+值得信赖,平滑的状态转换+数字动画,"{""must_have"": ""security-first"", ""if_dashboard"": ""use-dark-mode""}",俏皮的设计+不明确的收费+AI 紫/粉渐变,HIGH
15,Social Media App,Feature-Rich Showcase,Vibrant & Block-based + Motion-Driven,充满活力+订婚的颜色,现代+大胆的排版,大滚动动画+图标动画,"{""if_engagement_metric"": ""add-motion"", ""if_content_focused"": ""minimize-chrome""}",严重拟物化+忽略可访问性,MEDIUM
16,Productivity Tool,Interactive Demo + Feature-Rich,Flat Design + Micro-interactions,层次清晰+功能性色彩,干净+高效的排版,快速操作（150 毫秒）+ 任务动画,"{""must_have"": ""keyboard-shortcuts"", ""if_collaboration"": ""add-real-time-cursors""}",复杂的入职+缓慢的性能,HIGH
17,Design System/Component Library,Feature-Rich + Documentation,Minimalism + Accessible & Ethical,清晰的层次结构+类似代码的结构,等宽字体+清晰的排版,代码复制动画+组件预览,"{""must_have"": ""search"", ""must_have"": ""code-examples""}",糟糕的文档 + 没有实时预览,HIGH
18,AI/Chatbot Platform,Interactive Demo + Minimal,AI-Native UI + Minimalism,中性 + AI 紫色 (#6366F1),现代+清晰的排版,流式文本 + 键入指示器 + 淡入,"{""must_have"": ""conversational-ui"", ""must_have"": ""context-awareness""}",重镀铬+反应迟钝,HIGH
19,NFT/Web3 Platform,Feature-Rich Showcase,Cyberpunk UI + Glassmorphism,深色 + 霓虹色 + 金色 (#FFD700),大胆+现代排版,钱包连接动画+交易反馈,"{""must_have"": ""wallet-integration"", ""must_have"": ""gas-fees-display""}",轻模式默认+无交易状态,HIGH
20,Creator Economy Platform,Social Proof + Feature-Rich,Vibrant & Block-based + Bento Box Grid,充满活力+品牌色彩,现代+大胆的排版,参与度计数器动画 + 个人资料显示,"{""must_have"": ""creator-profiles"", ""must_have"": ""monetization-display""}",通用布局+隐藏收益,MEDIUM
21,Remote Work/Collaboration Tool,Feature-Rich + Real-Time,Soft UI Evolution + Minimalism,沉稳蓝+中性灰,干净+可读的排版,实时状态指示器+通知徽章,"{""must_have"": ""status-indicators"", ""must_have"": ""video-integration""}",界面混乱+没有存在感,HIGH
22,Mental Health App,Social Proof-Focused,Neumorphism + Accessible & Ethical,平静的粉彩 + 信任的色彩,平静+可读的排版,轻按+呼吸动画,"{""must_have"": ""privacy-first"", ""if_meditation"": ""add-breathing-animation""}",明亮的霓虹灯+运动过载,HIGH
23,Pet Tech App,Storytelling + Feature-Rich,Claymorphism + Vibrant & Block-based,俏皮+暖色调,友好+有趣的排版,宠物档案动画+健康追踪图表,"{""must_have"": ""pet-profiles"", ""if_health"": ""add-vet-integration""}",通用设计+无个性,MEDIUM
24,Smart Home/IoT Dashboard,Real-Time Monitoring,Glassmorphism + Dark Mode (OLED),深色 + 状态指示灯颜色,清晰+功能性的排版,设备状态脉冲+快速动作动画,"{""must_have"": ""real-time-controls"", ""must_have"": ""energy-monitoring""}",更新缓慢+无自动化,HIGH
25,EV/Charging Ecosystem,Hero-Centric + Feature-Rich,Minimalism + Aurora UI,电光蓝 (#009CD1) + 绿,现代+清晰的排版,范围估计动画+地图交互,"{""must_have"": ""charging-map"", ""must_have"": ""range-calculator""}",糟糕的地图用户体验 + 隐藏成本,HIGH
26,Subscription Box Service,Feature-Rich + Conversion,Vibrant & Block-based + Motion-Driven,品牌+兴奋的色彩,引人入胜+清晰的排版,开箱展示动画+产品轮播,"{""must_have"": ""personalization-quiz"", ""must_have"": ""subscription-management""}",令人困惑的定价+没有拆箱预览,HIGH
27,Podcast Platform,Storytelling + Feature-Rich,Dark Mode (OLED) + Minimalism,深色 + 音频波形强调,现代+清晰的排版,波形可视化 + 片段转换,"{""must_have"": ""audio-player-ux"", ""must_have"": ""episode-discovery""}",糟糕的音频播放器+混乱的布局,HIGH
28,Dating App,Social Proof + Feature-Rich,Vibrant & Block-based + Motion-Driven,温暖+浪漫（粉色/红色渐变）,现代+友好的排版,个人资料卡滑动 + 匹配动画,"{""must_have"": ""profile-cards"", ""must_have"": ""safety-features""}",通用型材+无安全性,HIGH
29,Micro-Credentials/Badges Platform,Trust & Authority + Feature,Minimalism + Flat Design,信任蓝 + 金色 (#FFD700),专业+清晰的排版,徽章显示动画+进度跟踪,"{""must_have"": ""credential-verification"", ""must_have"": ""progress-display""}",无需验证+隐藏进度,MEDIUM
30,Knowledge Base/Documentation,FAQ + Minimal,Minimalism + Accessible & Ethical,清晰的层次结构+最少的色彩,清晰+可读的排版,搜索突出显示+平滑滚动,"{""must_have"": ""search-first"", ""must_have"": ""version-switching""}",糟糕的导航 + 没有搜索,HIGH
31,Hyperlocal Services,Conversion + Feature-Rich,Minimalism + Vibrant & Block-based,位置标记 + 信任颜色,清晰+功能性的排版,地图悬停+提供商卡显示,"{""must_have"": ""map-integration"", ""must_have"": ""booking-system""}",无地图+隐藏评论,HIGH
32,Beauty/Spa/Wellness Service,Hero-Centric + Social Proof,Soft UI Evolution + Neumorphism,柔和的粉彩（粉鼠尾草奶油色）+金色点缀,优雅+平静的排版,柔和的阴影+平滑过渡（200-300ms）+温和的悬停,"{""must_have"": ""booking-system"", ""must_have"": ""before-after-gallery"", ""if_luxury"": ""add-gold-accents""}",明亮的霓虹色+粗糙的动画+黑暗黑模式,HIGH
33,Luxury/Premium Brand,Storytelling + Feature-Rich,Liquid Glass + Glassmorphism,黑+金（#FFD700）+白,优雅+精致的排版,慢视差+高级显示（400-600ms）,"{""must_have"": ""high-quality-imagery"", ""must_have"": ""storytelling""}",廉价的视觉效果+快速的动画,HIGH
34,Restaurant/Food Service,Hero-Centric + Conversion,Vibrant & Block-based + Motion-Driven,暖色（橙红棕）,开胃+清晰的排版,食物图像显示+菜单悬停效果,"{""must_have"": ""high_quality_images"", ""if_delivery"": ""emphasize-speed""}",低质量图像 + 过时的营业时间,HIGH
35,Fitness/Gym App,Feature-Rich + Data,Vibrant & Block-based + Dark Mode (OLED),精力充沛（橙色#FF6B35）+黑暗背景,大胆+励志的排版,进度环动画+成就解锁,"{""must_have"": ""progress-tracking"", ""must_have"": ""workout-plans""}",静态设计+无游戏化,HIGH
36,Real Estate/Property,Hero-Centric + Feature-Rich,Glassmorphism + Minimalism,信赖蓝+金+白,专业+自信,3D 房产游览缩放+地图悬停,"{""if_luxury"": ""add-3d-models"", ""must_have"": ""map-integration""}",照片不佳+没有虚拟游览,HIGH
37,Travel/Tourism Agency,Storytelling-Driven + Hero,Aurora UI + Motion-Driven,充满活力的目的地+天蓝色,鼓舞人心+引人入胜,目的地视差+行程动画,"{""if_experience_focused"": ""use-storytelling"", ""must_have"": ""mobile-booking""}",普通照片+复杂预订,HIGH
38,Hotel/Hospitality,Hero-Centric + Social Proof,Liquid Glass + Minimalism,温暖的中性色 + 金色 (#D4AF37),优雅+温馨的排版,房间画廊 + 便利设施展示,"{""must_have"": ""room-booking"", ""must_have"": ""virtual-tour""}",照片不佳+预订复杂,HIGH
39,Wedding/Event Planning,Storytelling + Social Proof,Soft UI Evolution + Aurora UI,柔粉色(#FFD6E0)+金色+奶油色,优雅+浪漫的排版,图库展示 + 时间线动画,"{""must_have"": ""portfolio-gallery"", ""must_have"": ""planning-tools""}",通用模板+无作品集,HIGH
40,Legal Services,Trust & Authority + Minimal,Trust & Authority + Minimalism,海军蓝(#1E3A5F)+金色+白色,专业+权威排版,执业领域展示+律师简介动画,"{""must_have"": ""case-results"", ""must_have"": ""credential-display""}",过时的设计+隐藏的凭据+AI 紫色/粉色渐变,HIGH
41,Insurance Platform,Conversion + Trust,Trust & Authority + Flat Design,信任蓝色 (#0066CC) + 绿色 + 中性,清晰+专业的排版,报价计算器动画+政策比较,"{""must_have"": ""quote-calculator"", ""must_have"": ""policy-comparison""}",令人困惑的定价 + 没有信任信号 + AI 紫色/粉色渐变,HIGH
42,Banking/Traditional Finance,Trust & Authority + Feature,Minimalism + Accessible & Ethical,海军蓝 (#0A1628) + 信任蓝 + 金色,专业+值得信赖的排版,流畅的数字动画+安全指示器,"{""must_have"": ""security-first"", ""must_have"": ""accessibility""}",俏皮的设计+较差的安全性 UX+AI 紫色/粉色渐变,HIGH
43,Online Course/E-learning,Feature-Rich + Social Proof,Claymorphism + Vibrant & Block-based,充满活力的学习色+进步绿,友好+引人入胜的排版,进度条动画+证书显示,"{""must_have"": ""progress-tracking"", ""must_have"": ""video-player""}",无聊的设计+没有游戏化,HIGH
44,Non-profit/Charity,Storytelling + Trust,Accessible & Ethical + Organic Biophilic,与事业相关的颜色+信任+温暖,衷心+可读的排版,冲击计数器动画 + 故事揭晓,"{""must_have"": ""impact-stories"", ""must_have"": ""donation-transparency""}",无影响数据+隐藏财务数据,HIGH
45,Music Streaming,Feature-Rich Showcase,Dark Mode (OLED) + Vibrant & Block-based,深色 (#121212) + 充满活力的口音 + 专辑艺术颜色,现代+大胆的排版,波形可视化+播放列表动画,"{""must_have"": ""audio-player-ux"", ""if_discovery_focused"": ""add-playlist-recommendations""}",混乱的布局+糟糕的音频播放器用户体验,HIGH
46,Video Streaming/OTT,Hero-Centric + Feature-Rich,Dark Mode (OLED) + Motion-Driven,深色背景+海报颜色+品牌口音,大胆+引人入胜的排版,视频播放器动画+内容轮播（视差）,"{""must_have"": ""continue-watching"", ""if_personalized"": ""add-recommendations""}",静态布局+慢速视频播放器,HIGH
47,Job Board/Recruitment,Conversion-Optimized + Feature-Rich,Flat Design + Minimalism,专业蓝+成功绿+中性,清晰+专业的排版,搜索/过滤动画+应用程序流程,"{""must_have"": ""advanced-search"", ""if_salary_focused"": ""highlight-compensation""}",过时的表格+隐藏的过滤器,HIGH
48,Marketplace (P2P),Feature-Rich Showcase + Social Proof,Vibrant & Block-based + Flat Design,信任颜色+类别颜色+成功绿色,现代+引人入胜的排版,查看星星动画+列表悬停效果,"{""must_have"": ""seller-profiles"", ""must_have"": ""secure-payment""}",低信任信号+混乱的布局,HIGH
49,Logistics/Delivery,Feature-Rich Showcase + Real-Time,Minimalism + Flat Design,蓝色 (#2563EB) + 橙色（跟踪） + 绿色,清晰+功能性的排版,实时跟踪动画+状态脉冲,"{""must_have"": ""tracking-map"", ""must_have"": ""delivery-updates""}",静态追踪+无地图集成+AI 紫/粉渐变,HIGH
50,Agriculture/Farm Tech,Feature-Rich Showcase,Organic Biophilic + Flat Design,大地绿(#4A7C23)+棕色+天蓝色,清晰+信息丰富的排版,数据可视化+天气动画,"{""must_have"": ""sensor-dashboard"", ""if_crop_focused"": ""add-health-indicators""}",通用设计+忽略辅助功能+AI 紫色/粉色渐变,MEDIUM
51,Construction/Architecture,Hero-Centric + Feature-Rich,Minimalism + 3D & Hyperrealism,灰色(#4A4A4A)+橙色(安全)+蓝图蓝,专业+大胆的排版,3D 模型查看器 + 时间线动画,"{""must_have"": ""project-portfolio"", ""if_team_collaboration"": ""add-real-time-updates""}",纯 2D 布局 + 图像质量较差 + AI 紫色/粉色渐变,HIGH
52,Automotive/Car Dealership,Hero-Centric + Feature-Rich,Motion-Driven + 3D & Hyperrealism,品牌颜色+金属色+深色/浅色,大胆+自信的排版,360°产品视图+配置器动画,"{""must_have"": ""vehicle-comparison"", ""must_have"": ""financing-calculator""}",静态产品页面+糟糕的用户体验,HIGH
53,Photography Studio,Storytelling-Driven + Hero-Centric,Motion-Driven + Minimalism,黑+白+简约,优雅+最小的排版,全屏图库+展示前/展示后,"{""must_have"": ""portfolio-showcase"", ""if_booking"": ""add-calendar-system""}",沉重的文字+糟糕的图像展示,HIGH
54,Coworking Space,Hero-Centric + Feature-Rich,Vibrant & Block-based + Glassmorphism,活力色彩+木色调+品牌,现代+引人入胜的排版,太空之旅视频+便利设施展示动画,"{""must_have"": ""virtual-tour"", ""must_have"": ""booking-system""}",过时的照片+混乱的布局,MEDIUM
55,Home Services (Plumber/Electrician),Conversion-Optimized + Trust,Flat Design + Trust & Authority,信任蓝+安全橙+灰色,专业+清晰的排版,紧急联系人突出显示+服务菜单动画,"{""must_have"": ""emergency-contact"", ""must_have"": ""certifications-display""}",隐藏联系信息+无认证,HIGH
56,Childcare/Daycare,Social Proof-Focused + Trust,Claymorphism + Vibrant & Block-based,俏皮粉彩+安全色+温暖,友好+有趣的排版,家长门户动画 + 活动图库展示,"{""must_have"": ""parent-communication"", ""must_have"": ""safety-certifications""}",通用设计+隐藏安全信息,HIGH
57,Senior Care/Elderly,Trust & Authority + Accessible,Accessible & Ethical + Soft UI Evolution,平静的蓝色+温暖的中性色+大文字,大+清晰的排版（18px+）,大触摸目标+清晰的导航,"{""must_have"": ""wcag-aaa"", ""must_have"": ""family-portal""}",小文字+复杂导航+AI 紫/粉渐变,HIGH
58,Medical Clinic,Trust & Authority + Conversion,Accessible & Ethical + Minimalism,医疗蓝 (#0077B6) + 信任白,专业+可读的排版,网上预约流程+医生资料揭秘,"{""must_have"": ""appointment-booking"", ""must_have"": ""insurance-info""}",过时的界面+混乱的预订+AI 紫色/粉色渐变,HIGH
59,Pharmacy/Drug Store,Conversion-Optimized + Trust,Flat Design + Accessible & Ethical,药房绿+信赖蓝+洁净白,清晰+功能性的排版,处方上传流程+续药提醒,"{""must_have"": ""prescription-management"", ""must_have"": ""drug-interaction-warnings""}",令人困惑的布局+隐私问题+AI 紫色/粉色渐变,HIGH
60,Dental Practice,Social Proof-Focused + Conversion,Soft UI Evolution + Minimalism,清新蓝+白色+微笑黄,友好+专业的排版,之前/之后画廊 + 患者感言轮播,"{""must_have"": ""before-after-gallery"", ""must_have"": ""appointment-system""}",图像不佳+没有推荐,HIGH
61,Veterinary Clinic,Social Proof-Focused + Trust,Claymorphism + Accessible & Ethical,关怀蓝+宠物色+温暖,友好+欢迎的排版,宠物档案管理+服务动画,"{""must_have"": ""pet-portal"", ""must_have"": ""emergency-contact""}",通用设计+隐藏服务,MEDIUM
62,Florist/Plant Shop,Hero-Centric + Conversion,Organic Biophilic + Vibrant & Block-based,自然绿+花粉/紫色,优雅+自然的排版,产品展示+季节转换,"{""must_have"": ""delivery-scheduling"", ""must_have"": ""care-guides""}",图像不佳+没有季节性内容,MEDIUM
63,Bakery/Cafe,Hero-Centric + Conversion,Vibrant & Block-based + Soft UI Evolution,暖棕色+奶油色+开胃口音,温暖+邀请的排版,菜单悬停+订单动画,"{""must_have"": ""menu-display"", ""must_have"": ""online-ordering""}",糟糕的食物照片+隐藏时间,HIGH
64,Brewery/Winery,Storytelling + Hero-Centric,Motion-Driven + Storytelling-Driven,深琥珀色/酒红色+金色+工艺,手工+遗产版式,品酒笔记揭示+遗产时间表,"{""must_have"": ""product-showcase"", ""must_have"": ""story-heritage""}",通用产品页面+没有故事,HIGH
65,Airline,Conversion + Feature-Rich,Minimalism + Glassmorphism,天蓝色+品牌色+信任,清晰+专业的排版,航班搜索动画+登机牌显示,"{""must_have"": ""flight-search"", ""must_have"": ""mobile-first""}",预订复杂+移动设备较差,HIGH
66,News/Media Platform,Hero-Centric + Feature-Rich,Minimalism + Flat Design,品牌色+高对比度,清晰+可读的排版,突发新闻徽章 + 文章展示动画,"{""must_have"": ""mobile-first-reading"", ""must_have"": ""category-navigation""}",布局混乱+加载缓慢,HIGH
67,Magazine/Blog,Storytelling + Hero-Centric,Swiss Modernism 2.0 + Motion-Driven,编辑颜色+品牌+干净的白色,社论+优雅的排版,文章转换+类别显示,"{""must_have"": ""article-showcase"", ""must_have"": ""newsletter-signup""}",排版不佳+加载缓慢,HIGH
68,Freelancer Platform,Feature-Rich + Conversion,Flat Design + Minimalism,专业蓝+成功绿,清晰+专业的排版,技能比赛动画+回顾揭示,"{""must_have"": ""portfolio-display"", ""must_have"": ""skill-matching""}",个人资料不佳+没有评论,HIGH
69,Marketing Agency,Storytelling + Feature-Rich,Brutalism + Motion-Driven,大胆的品牌色彩+创意自由,大胆+富有表现力的排版,作品集展示 + 结果动画,"{""must_have"": ""portfolio"", ""must_have"": ""results-metrics""}",无聊的设计+隐藏的工作,HIGH
70,Event Management,Hero-Centric + Feature-Rich,Vibrant & Block-based + Motion-Driven,活动主题色+兴奋的口音,大胆+引人入胜的排版,倒计时+注册流程,"{""must_have"": ""registration"", ""must_have"": ""agenda-display""}",令人困惑的注册+没有倒计时,HIGH
71,Membership/Community,Social Proof + Conversion,Vibrant & Block-based + Soft UI Evolution,社区品牌颜色+参与度,友好+引人入胜的排版,会员专柜+福利揭晓,"{""must_have"": ""member-benefits"", ""must_have"": ""pricing-tiers""}",隐藏的好处+没有社区证明,HIGH
72,Newsletter Platform,Minimal + Conversion,Minimalism + Flat Design,品牌主色+洁白+CTA,干净+可读的排版,订阅表格+存档揭示,"{""must_have"": ""subscribe-form"", ""must_have"": ""sample-content""}",复杂的注册+无预览,MEDIUM
73,Digital Products/Downloads,Feature-Rich + Conversion,Vibrant & Block-based + Motion-Driven,产品颜色+品牌+成功绿色,现代+清晰的排版,产品预览+即时交付动画,"{""must_have"": ""product-preview"", ""must_have"": ""instant-delivery""}",没有预览+发货慢,HIGH
74,Church/Religious Organization,Hero-Centric + Social Proof,Accessible & Ethical + Soft UI Evolution,暖金+深紫/蓝+白色,欢迎+清晰的排版,服务时间亮点+活动日历,"{""must_have"": ""service-times"", ""must_have"": ""community-events""}",过时的设计+隐藏信息,MEDIUM
75,Sports Team/Club,Hero-Centric + Feature-Rich,Vibrant & Block-based + Motion-Driven,团队颜色+活力口音,大胆+有影响力的排版,乐谱动画+赛程表揭晓,"{""must_have"": ""schedule"", ""must_have"": ""roster""}",静态内容+粉丝参与度低,HIGH
76,Museum/Gallery,Storytelling + Feature-Rich,Minimalism + Motion-Driven,适合艺术的中性色+展览口音,优雅+最小的排版,虚拟游览+收藏展示,"{""must_have"": ""virtual-tour"", ""must_have"": ""exhibition-info""}",布局混乱+无法在线访问,HIGH
77,Theater/Cinema,Hero-Centric + Conversion,Dark Mode (OLED) + Motion-Driven,深色+聚光灯+金色,戏剧性+大胆的排版,选座+预告片揭晓,"{""must_have"": ""showtimes"", ""must_have"": ""seat-selection""}",糟糕的预订用户体验+没有预告片,HIGH
78,Language Learning App,Feature-Rich + Social Proof,Claymorphism + Vibrant & Block-based,俏皮的颜色+进度指示器,友好+清晰的排版,进度动画+成就解锁,"{""must_have"": ""progress-tracking"", ""must_have"": ""gamification""}",无聊的设计+没有动力,HIGH
79,Coding Bootcamp,Feature-Rich + Social Proof,Dark Mode (OLED) + Minimalism,代码编辑器颜色+品牌+成功,技术+清晰的排版,终端动画+职业成果揭示,"{""must_have"": ""curriculum"", ""must_have"": ""career-outcomes""}",仅亮色模式 + 隐藏结果,HIGH
80,Cybersecurity Platform,Trust & Authority + Real-Time,Cyberpunk UI + Dark Mode (OLED),矩阵绿 (#00FF00) + 深黑,技术+清晰的排版,威胁可视化+警报动画,"{""must_have"": ""real-time-monitoring"", ""must_have"": ""threat-display""}",亮色模式 + 较差的数据可视化,HIGH
81,Developer Tool / IDE,Minimal + Documentation,Dark Mode (OLED) + Minimalism,深色语法主题+蓝色焦点,等宽字体+功能排版,语法高亮+命令面板,"{""must_have"": ""keyboard-shortcuts"", ""must_have"": ""documentation""}",默认亮色模式 + 性能较慢,HIGH
82,Biotech / Life Sciences,Storytelling + Data,Glassmorphism + Clean Science,无菌白+DNA 蓝+生命绿,科学+清晰的排版,数据可视化+研究揭示,"{""must_have"": ""data-accuracy"", ""must_have"": ""clean-aesthetic""}",数据混乱+可信度差,HIGH
83,Space Tech / Aerospace,Immersive + Feature-Rich,Holographic/HUD + Dark Mode,深空黑+星空白+金属色,未来派+精确的排版,遥测动画 + 3D 渲染,"{""must_have"": ""high-tech-feel"", ""must_have"": ""precision-data""}",通用设计+无沉浸感,HIGH
84,Architecture / Interior,Portfolio + Hero-Centric,Exaggerated Minimalism + High Imagery,单色+金色点缀+高意象,建筑+优雅的排版,项目画廊 + 蓝图揭晓,"{""must_have"": ""high-res-images"", ""must_have"": ""project-portfolio""}",图像不佳+布局混乱,HIGH
85,Quantum Computing Interface,Immersive + Interactive,Holographic/HUD + Dark Mode,量子蓝(#00FFFF)+深黑,未来派+科学版式,概率可视化 + 量子位状态动画,"{""must_have"": ""complexity-visualization"", ""must_have"": ""scientific-credibility""}",通用技术设计+无可视化,HIGH
86,Biohacking / Longevity App,Data-Dense + Storytelling,Biomimetic/Organic 2.0 + Minimalism,细胞粉色/红色 + DNA 蓝色 + 白色,科学+清晰的排版,生物数据即 + 进度动画,"{""must_have"": ""data-privacy"", ""must_have"": ""scientific-credibility""}",通用健康应用程序+无隐私,HIGH
87,Autonomous Drone Fleet Manager,Real-Time + Feature-Rich,HUD/Sci-Fi FUI + Real-Time,战术绿+警戒红+地图暗,技术+功能排版,遥测动画+3D 空间感知,"{""must_have"": ""real-time-telemetry"", ""must_have"": ""safety-alerts""}",更新缓慢+空间可视化不佳,HIGH
88,Generative Art Platform,Showcase + Feature-Rich,Minimalism + Gen Z Chaos,中性 (#F5F5F5) + 用户内容,最小+以内容为中心的排版,画廊砖石+铸币动画,"{""must_have"": ""fast-loading"", ""must_have"": ""creator-attribution""}",重铬+加载缓慢,HIGH
89,Spatial Computing OS / App,Immersive + Interactive,Spatial UI (VisionOS) + Glassmorphism,磨砂玻璃+系统颜色+深度,空间+可读的排版,深度层次+注视交互,"{""must_have"": ""depth-hierarchy"", ""must_have"": ""environment-awareness""}",2D 设计+无空间深度,HIGH
90,Sustainable Energy / Climate Tech,Data + Trust,Organic Biophilic + E-Ink/Paper,大地绿+天蓝+太阳黄,清晰+信息丰富的排版,影响可视化 + 进度动画,"{""must_have"": ""data-transparency"", ""must_have"": ""impact-visualization""}",漂绿+无真实数据,HIGH
91,Personal Finance Tracker,Interactive Product Demo,Glassmorphism + Dark Mode (OLED),平静的蓝色+成功的绿色+警报的红色+图表强调,现代+层次清晰,背景模糊（10-20px）+半透明叠加,"{""if_light_mode_needed"": ""provide-theme-toggle"", ""if_low_performance"": ""fallback-to-flat""}",纯白色背景,HIGH
92,Chat & Messaging App,Feature-Rich Showcase + Demo,Minimalism + Micro-interactions,品牌主色+气泡对比（发送/接收）+打字灰,专业+层次清晰,微妙的悬停 200 毫秒 + 平滑过渡 + 干净,"{""if_ux_focused"": ""prioritize-clarity"", ""if_mobile"": ""optimize-touch-targets""}",过度装饰,HIGH
93,Notes & Writing App,Minimal & Direct,Minimalism + Flat Design,干净的白色/奶油色+最小的口音+编辑器语法颜色,专业+层次清晰,色移悬停 + 150 毫秒快速过渡 + 无阴影,"{""if_ux_focused"": ""prioritize-clarity"", ""if_mobile"": ""optimize-touch-targets""}",过多的装饰+复杂的阴影+3D 效果,HIGH
94,Habit Tracker,Social Proof-Focused + Demo,Claymorphism + Vibrant & Block-based,条纹暖色（琥珀色/橙色）+进步绿色+励志口音,俏皮+圆润+友好,多层阴影+弹簧弹跳+软压 200ms,"{""if_trust_needed"": ""add-testimonials""}",柔和的色彩+低能量,HIGH
95,Food Delivery / On-Demand,Hero-Centric Design + Feature-Rich,Vibrant & Block-based + Motion-Driven,开胃暖色（橙/红）+信赖蓝+地图点缀,精力充沛+大胆+大,滚动动画+视差+页面过渡,"{""if_ux_focused"": ""prioritize-clarity"", ""if_mobile"": ""optimize-touch-targets""}",柔和的色彩+低能量,HIGH
96,Ride Hailing / Transportation,Conversion-Optimized + Demo,Minimalism + Glassmorphism,品牌主色+地图中性色+状态指示器颜色,专业+层次清晰,背景模糊（10-20px）+半透明叠加,"{""if_low_performance"": ""fallback-to-flat"", ""if_conversion_focused"": ""add-urgency-colors""}",过度装饰,HIGH
97,Recipe & Cooking App,Hero-Centric Design + Feature-Rich,Claymorphism + Vibrant & Block-based,温暖的食物色调（赤土色/鼠尾草色/奶油色）+令人胃口大开的图像,俏皮+圆润+友好,多层阴影+弹簧弹跳+软压 200ms,"{""if_ux_focused"": ""prioritize-clarity"", ""if_mobile"": ""optimize-touch-targets""}",柔和的色彩+低能量,HIGH
98,Meditation & Mindfulness,Storytelling-Driven + Social Proof,Neumorphism + Soft UI Evolution,超平静粉彩（薰衣草/鼠尾草/天空）+呼吸动画渐变,微妙+柔和+单色,双阴影（亮+暗）+轻压 150ms,"{""if_trust_needed"": ""add-testimonials""}",风格不一致+对比度差,HIGH
99,Weather App,Hero-Centric Design,Glassmorphism + Aurora UI,大气梯度（天蓝色→日落→风暴灰色）+温标,现代+层次清晰,背景模糊（10-20px）+半透明叠加,"{""if_low_performance"": ""fallback-to-flat""}",风格不一致+对比度差,HIGH
100,Diary & Journal App,Storytelling-Driven,Soft UI Evolution + Minimalism,温暖的纸色调（奶油色/亚麻色）+柔和的墨水+情绪编码的口音,专业+层次清晰,微妙的悬停 200 毫秒 + 平滑过渡 + 干净,"{""if_ux_focused"": ""prioritize-clarity"", ""if_mobile"": ""optimize-touch-targets""}",过度装饰,HIGH
101,CRM & Client Management,Feature-Rich Showcase + Demo,Flat Design + Minimalism,专业蓝+管道舞台色+封闭绿,专业+层次清晰,色移悬停 + 150 毫秒快速过渡 + 无阴影,"{""if_ux_focused"": ""prioritize-clarity"", ""if_mobile"": ""optimize-touch-targets""}",过多的装饰+复杂的阴影+3D 效果,HIGH
102,Inventory & Stock Management,Feature-Rich Showcase,Flat Design + Minimalism,功能中性+状态交通灯（绿色/琥珀色/红色）+扫描仪强调,专业+层次清晰,色移悬停 + 150 毫秒快速过渡 + 无阴影,"{""if_ux_focused"": ""prioritize-clarity"", ""if_mobile"": ""optimize-touch-targets""}",过多的装饰+复杂的阴影+3D 效果,HIGH
103,Flashcard & Study Tool,Feature-Rich Showcase + Demo,Claymorphism + Micro-interactions,俏皮的初级+正确的绿色+错误的红色+进步的蓝色,俏皮+圆润+友好,多层阴影+弹簧弹跳+软压 200ms,"{""if_ux_focused"": ""prioritize-clarity"", ""if_mobile"": ""optimize-touch-targets""}",风格不一致+对比度差,HIGH
104,Booking & Appointment App,Conversion-Optimized,Soft UI Evolution + Flat Design,信任蓝色+可用绿色+预订灰色+确认重音,粗体+干净+无衬线,色移悬停 + 150 毫秒快速过渡 + 无阴影,"{""if_conversion_focused"": ""add-urgency-colors""}",复杂阴影+3D 效果,HIGH
105,Invoice & Billing Tool,Conversion-Optimized + Trust,Minimalism + Flat Design,专业藏青+付费绿+过期红+中性灰,专业+层次清晰,色移悬停 + 150 毫秒快速过渡 + 无阴影,"{""if_conversion_focused"": ""add-urgency-colors""}",过多的装饰+复杂的阴影+3D 效果,HIGH
106,Grocery & Shopping List,Minimal & Direct + Demo,Flat Design + Vibrant & Block-based,清新绿色+食品级颜色+勾号口音,粗体+干净+无衬线,色移悬停 + 150 毫秒快速过渡 + 无阴影,"{""if_ux_focused"": ""prioritize-clarity"", ""if_mobile"": ""optimize-touch-targets""}",复杂的阴影 + 3D 效果 + 柔和的颜色 + 低能量,HIGH
107,Timer & Pomodoro,Minimal & Direct,Minimalism + Neumorphism,深色高对比度 + 聚焦红色/琥珀色 + 突破绿色,专业+层次清晰,双阴影（亮+暗）+轻压 150ms,"{""if_ux_focused"": ""prioritize-clarity"", ""if_mobile"": ""optimize-touch-targets""}",过度装饰,HIGH
108,Parenting & Baby Tracker,Social Proof-Focused + Trust,Claymorphism + Soft UI Evolution,柔和的粉彩（淡粉色/天蓝色/薄荷色/桃色）+ 温暖的色调,俏皮+圆润+友好,多层阴影+弹簧弹跳+软压 200ms,"{""if_trust_needed"": ""add-testimonials""}",风格不一致+对比度差,HIGH
109,Scanner & Document Manager,Feature-Rich Showcase + Demo,Minimalism + Flat Design,干净的白色+相机取景器强调+文件类型颜色编码,专业+层次清晰,色移悬停 + 150 毫秒快速过渡 + 无阴影,"{""if_ux_focused"": ""prioritize-clarity"", ""if_mobile"": ""optimize-touch-targets""}",过多的装饰+复杂的阴影+3D 效果,HIGH
110,Calendar & Scheduling App,Feature-Rich Showcase + Demo,Flat Design + Micro-interactions,干净的蓝色+事件类别强调色+成功绿色,粗体+干净+无衬线,色移悬停 + 150 毫秒快速过渡 + 无阴影,"{""if_ux_focused"": ""prioritize-clarity"", ""if_mobile"": ""optimize-touch-targets""}",复杂阴影+3D 效果,HIGH
111,Password Manager,Trust & Authority + Feature-Rich,Minimalism + Accessible & Ethical,信任蓝+安全绿+暗中性,专业+层次清晰,微妙的悬停 200 毫秒 + 平滑过渡 + 干净,"{""if_ux_focused"": ""prioritize-clarity"", ""if_mobile"": ""optimize-touch-targets""}",过度装饰+纯颜色指标,HIGH
112,Expense Splitter / Bill Split,Minimal & Direct + Demo,Flat Design + Vibrant & Block-based,成功绿+警报红+中性灰+头像强调色,粗体+干净+无衬线,色移悬停 + 150 毫秒快速过渡 + 无阴影,"{""if_ux_focused"": ""prioritize-clarity"", ""if_mobile"": ""optimize-touch-targets""}",复杂的阴影 + 3D 效果 + 柔和的颜色 + 低能量,HIGH
113,Voice Recorder & Memo,Interactive Product Demo + Minimal,Minimalism + AI-Native UI,干净的白色+录音红色+波形强调,专业+层次清晰,微妙的悬停 200 毫秒 + 平滑过渡 + 干净,"{""if_ux_focused"": ""prioritize-clarity"", ""if_mobile"": ""optimize-touch-targets""}",过度装饰,HIGH
114,Bookmark & Read-Later,Minimal & Direct + Demo,Minimalism + Flat Design,纸张暖白色 + 墨水中性 + 极简强调色 + 标签颜色,专业+层次清晰,色移悬停 + 150 毫秒快速过渡 + 无阴影,"{""if_ux_focused"": ""prioritize-clarity"", ""if_mobile"": ""optimize-touch-targets""}",过多的装饰+复杂的阴影+3D 效果,HIGH
115,Translator App,Feature-Rich Showcase + Interactive Demo,Flat Design + AI-Native UI,全球蓝+中性灰+语言标志重音,粗体+干净+无衬线,色移悬停 + 150 毫秒快速过渡 + 无阴影,"{""if_ux_focused"": ""prioritize-clarity"", ""if_mobile"": ""optimize-touch-targets""}",复杂阴影+3D 效果,HIGH
116,Calculator & Unit Converter,Minimal & Direct,Neumorphism + Minimalism,深色功能键+橙色操作键+清晰的按钮层次,专业+层次清晰,双阴影（亮+暗）+轻压 150ms,"{""if_ux_focused"": ""prioritize-clarity"", ""if_mobile"": ""optimize-touch-targets""}",过度装饰,HIGH
117,Alarm & World Clock,Minimal & Direct,Dark Mode (OLED) + Minimalism,深暗+环境发光+时区渐变,专业+层次清晰,微妙的光芒+霓虹灯+高对比度,"{""if_light_mode_needed"": ""provide-theme-toggle""}",过多的装饰+纯白背景,HIGH
118,File Manager & Transfer,Feature-Rich Showcase + Demo,Flat Design + Minimalism,功能中性 + 文件类型颜色编码（PDF 橙色、文档蓝色、图像紫色）,专业+层次清晰,色移悬停 + 150 毫秒快速过渡 + 无阴影,"{""if_ux_focused"": ""prioritize-clarity"", ""if_mobile"": ""optimize-touch-targets""}",过多的装饰+复杂的阴影+3D 效果,HIGH
119,Email Client,Feature-Rich Showcase + Demo,Flat Design + Minimalism,干净白+品牌主色+优先红+贪睡琥珀色,专业+层次清晰,色移悬停 + 150 毫秒快速过渡 + 无阴影,"{""if_ux_focused"": ""prioritize-clarity"", ""if_mobile"": ""optimize-touch-targets""}",过多的装饰+复杂的阴影+3D 效果,HIGH
120,Casual Puzzle Game,Feature-Rich Showcase + Social Proof,Claymorphism + Vibrant & Block-based,欢快的粉彩+渐进渐变+奖励金色+明亮的口音,俏皮+圆润+友好,多层阴影+弹簧弹跳+软压 200ms,"{""if_trust_needed"": ""add-testimonials""}",柔和的色彩+低能量,HIGH
121,Trivia & Quiz Game,Feature-Rich Showcase + Social Proof,Vibrant & Block-based + Micro-interactions,活力蓝+正确的绿色+错误的红色+排行榜金色,精力充沛+大胆+大,触觉反馈 + 50-100 毫秒的小动画,"{""if_trust_needed"": ""add-testimonials""}",柔和的色彩+低能量,HIGH
122,Card & Board Game,Feature-Rich Showcase,3D & Hyperrealism + Flat Design,游戏主题毛毡绿+深色木纹+卡背图案,粗体+干净+无衬线,色移悬停 + 150 毫秒快速过渡 + 无阴影,"{""if_ux_focused"": ""prioritize-clarity"", ""if_mobile"": ""optimize-touch-targets""}",复杂阴影+3D 效果,HIGH
123,Idle & Clicker Game,Feature-Rich Showcase,Vibrant & Block-based + Motion-Driven,金币金+升级蓝+声望紫+进度绿,精力充沛+大胆+大,滚动动画+视差+页面过渡,"{""if_ux_focused"": ""prioritize-clarity"", ""if_mobile"": ""optimize-touch-targets""}",柔和的色彩+低能量,HIGH
124,Word & Crossword Game,Minimal & Direct + Demo,Minimalism + Flat Design,干净的白色+温暖的字母瓷砖+成功的绿色+摇动的红色,专业+层次清晰,色移悬停 + 150 毫秒快速过渡 + 无阴影,"{""if_ux_focused"": ""prioritize-clarity"", ""if_mobile"": ""optimize-touch-targets""}",过多的装饰+复杂的阴影+3D 效果,HIGH
125,Arcade & Retro Game,Feature-Rich Showcase + Hero-Centric,Pixel Art + Retro-Futurism,霓虹黑+像素调色板+分数金+危险红,怀旧+等宽字体+霓虹灯,微妙的悬停（200 毫秒）+ 平滑过渡,"{""if_ux_focused"": ""prioritize-clarity"", ""if_mobile"": ""optimize-touch-targets""}",风格不一致+对比度差,HIGH
126,Photo Editor & Filters,Feature-Rich Showcase + Interactive Demo,Minimalism + Dark Mode (OLED),深色编辑器背景+充满活力的滤镜预览条+工具图标强调,专业+层次清晰,微妙的光芒+霓虹灯+高对比度,"{""if_light_mode_needed"": ""provide-theme-toggle""}",过多的装饰+纯白背景,HIGH
127,Short Video Editor,Feature-Rich Showcase + Hero-Centric,Dark Mode (OLED) + Motion-Driven,深色背景+时间轴轨道强调色+效果预览生动,高对比度+暗底亮光,微妙的光芒+霓虹灯+高对比度,"{""if_light_mode_needed"": ""provide-theme-toggle""}",纯白色背景,HIGH
128,Drawing & Sketching Canvas,Interactive Product Demo + Storytelling,Minimalism + Dark Mode (OLED),中性画布+全光谱颜色选择器+深色工具面板,专业+层次清晰,微妙的光芒+霓虹灯+高对比度,"{""if_light_mode_needed"": ""provide-theme-toggle""}",过多的装饰+纯白背景,HIGH
129,Music Creation & Beat Maker,Interactive Product Demo + Storytelling,Dark Mode (OLED) + Motion-Driven,深色工作室背景 + 轨道颜色彩虹 + 波形强调 + BPM 脉冲,高对比度+暗底亮光,微妙的光芒+霓虹灯+高对比度,"{""if_light_mode_needed"": ""provide-theme-toggle""}",纯白色背景,HIGH
130,Meme & Sticker Maker,Feature-Rich Showcase + Social Proof,Vibrant & Block-based + Flat Design,大胆主色+喜剧黄+病毒红+高饱和度强调,粗体+干净+无衬线,色移悬停 + 150 毫秒快速过渡 + 无阴影,"{""if_trust_needed"": ""add-testimonials""}",复杂的阴影 + 3D 效果 + 柔和的颜色 + 低能量,HIGH
131,AI Photo & Avatar Generator,Feature-Rich Showcase + Social Proof,AI-Native UI + Aurora UI,AI 紫+极光渐变+中性前后,优雅+渐变友好,流动渐变 8-12 秒 + 颜色变形,"{""if_trust_needed"": ""add-testimonials""}",风格不一致+对比度差,HIGH
132,Link-in-Bio Page Builder,Conversion-Optimized + Social Proof,Vibrant & Block-based + Bento Box Grid,品牌可定制+强调链接颜色+干净的白色画布,精力充沛+大胆+大,大截面间隙 48px+ + 颜色偏移悬停 + 滚动捕捉,"{""if_conversion_focused"": ""add-urgency-colors"", ""if_trust_needed"": ""add-testimonials""}",柔和的色彩+低能量,HIGH
133,Wardrobe & Outfit Planner,Storytelling-Driven + Feature-Rich,Minimalism + Motion-Driven,干净时尚中性+全衣服调色板+口音,专业+层次清晰,微妙的悬停 200 毫秒 + 平滑过渡 + 干净,"{""if_ux_focused"": ""prioritize-clarity"", ""if_mobile"": ""optimize-touch-targets""}",过度装饰,HIGH
134,Plant Care Tracker,Storytelling-Driven + Social Proof,Organic Biophilic + Soft UI Evolution,自然绿+土棕色+阳光黄提醒+水蓝色,温馨+人文+自然,圆形 16-24px + 自然阴影 + 流动 SVG,"{""if_trust_needed"": ""add-testimonials""}",风格不一致+对比度差,HIGH
135,Book & Reading Tracker,Social Proof-Focused + Feature-Rich,Swiss Modernism 2.0 + Minimalism,暖纸白+墨棕+阅读进度绿+书籍封面色,专业+层次清晰,微妙的悬停 200 毫秒 + 平滑过渡 + 干净,"{""if_trust_needed"": ""add-testimonials""}",过度装饰,HIGH
136,Couple & Relationship App,Storytelling-Driven + Social Proof,Aurora UI + Soft UI Evolution,温馨浪漫的粉色/玫瑰色+柔和渐变+记忆照片色调,优雅+渐变友好,流动渐变 8-12 秒 + 颜色变形,"{""if_trust_needed"": ""add-testimonials""}",风格不一致+对比度差,HIGH
137,Family Calendar & Chores,Feature-Rich Showcase + Social Proof,Flat Design + Claymorphism,温馨俏皮+成员色编码+家务完成绿色,俏皮+圆润+友好,多层阴影+弹簧弹跳+软压 200ms,"{""if_trust_needed"": ""add-testimonials""}",复杂阴影+3D 效果,HIGH
138,Mood Tracker,Storytelling-Driven + Social Proof,Soft UI Evolution + Minimalism,情绪梯度（蓝色悲伤到黄色快乐）+每种心情的柔和+洞察口音,专业+层次清晰,微妙的悬停 200 毫秒 + 平滑过渡 + 干净,"{""if_trust_needed"": ""add-testimonials""}",过度装饰,HIGH
139,Gift & Wishlist,Minimal & Direct + Conversion,Vibrant & Block-based + Soft UI Evolution,庆祝暖粉色/金色/红色+类别颜色+惊喜强调,精力充沛+大胆+大,大截面间隙 48px+ + 颜色偏移悬停 + 滚动捕捉,"{""if_conversion_focused"": ""add-urgency-colors""}",柔和的色彩+低能量,HIGH
140,Running & Cycling GPS,Feature-Rich Showcase + Social Proof,Dark Mode (OLED) + Vibrant & Block-based,活力橙色+地图强调+步速区域（绿色/黄色/红色）,高对比度+暗底亮光,微妙的光芒+霓虹灯+高对比度,"{""if_light_mode_needed"": ""provide-theme-toggle"", ""if_trust_needed"": ""add-testimonials""}",纯白色背景+柔和的色彩+低能量,HIGH
141,Yoga & Stretching Guide,Storytelling-Driven + Social Proof,Organic Biophilic + Soft UI Evolution,大地平静鼠尾草/赤土色/奶油色+呼吸渐变+温暖色调,温馨+人文+自然,圆形 16-24px + 自然阴影 + 流动 SVG,"{""if_trust_needed"": ""add-testimonials""}",风格不一致+对比度差,HIGH
142,Sleep Tracker,Feature-Rich Showcase + Social Proof,Dark Mode (OLED) + Neumorphism,深午夜蓝 + 星星/月亮色调 + 睡眠质量梯度（差红色到大绿色）,高对比度+暗底亮光,双阴影（亮+暗）+轻压 150ms,"{""if_light_mode_needed"": ""provide-theme-toggle"", ""if_trust_needed"": ""add-testimonials""}",纯白色背景,HIGH
143,Calorie & Nutrition Counter,Feature-Rich Showcase + Social Proof,Flat Design + Vibrant & Block-based,健康绿色+宏观色彩（蛋白质蓝、碳水化合物橙、脂肪黄）+进度圈,粗体+干净+无衬线,色移悬停 + 150 毫秒快速过渡 + 无阴影,"{""if_trust_needed"": ""add-testimonials""}",复杂的阴影 + 3D 效果 + 柔和的颜色 + 低能量,HIGH
144,Period & Cycle Tracker,Social Proof-Focused + Trust,Soft UI Evolution + Aurora UI,玫瑰/腮红+薰衣草色+生育绿+柔和的日历色调,优雅+渐变友好,流动渐变 8-12 秒 + 颜色变形,"{""if_trust_needed"": ""add-testimonials""}",风格不一致+对比度差,HIGH
145,Medication & Pill Reminder,Trust & Authority + Feature-Rich,Accessible & Ethical + Flat Design,医疗信托蓝色+错过警报红色+采取绿色+干净白色,粗体+干净+无衬线,色移悬停 + 150 毫秒快速过渡 + 无阴影,"{""if_ux_focused"": ""prioritize-clarity"", ""if_mobile"": ""optimize-touch-targets""}",复杂阴影 + 3D 效果 + 仅颜色指示器,HIGH
146,Water & Hydration Reminder,Minimal & Direct + Demo,Claymorphism + Vibrant & Block-based,清爽蓝色+水波动画+目标进度强调,俏皮+圆润+友好,多层阴影+弹簧弹跳+软压 200ms,"{""if_ux_focused"": ""prioritize-clarity"", ""if_mobile"": ""optimize-touch-targets""}",柔和的色彩+低能量,HIGH
147,Fasting & Intermittent Timer,Feature-Rich Showcase + Social Proof,Minimalism + Dark Mode (OLED),禁食深蓝色/紫色+进食窗绿色+时间线中性,专业+层次清晰,微妙的光芒+霓虹灯+高对比度,"{""if_light_mode_needed"": ""provide-theme-toggle"", ""if_trust_needed"": ""add-testimonials""}",过多的装饰+纯白背景,HIGH
148,Anonymous Community / Confession,Social Proof-Focused + Feature-Rich,Dark Mode (OLED) + Minimalism,深色保护+微妙渐变+点赞绿色+同理心温暖口音,专业+层次清晰,微妙的光芒+霓虹灯+高对比度,"{""if_light_mode_needed"": ""provide-theme-toggle"", ""if_trust_needed"": ""add-testimonials""}",过多的装饰+纯白背景,HIGH
149,Local Events & Discovery,Hero-Centric Design + Feature-Rich,Vibrant & Block-based + Motion-Driven,城市活力 + 事件类别颜色 + 地图强调 + 日期突出显示,精力充沛+大胆+大,滚动动画+视差+页面过渡,"{""if_ux_focused"": ""prioritize-clarity"", ""if_mobile"": ""optimize-touch-targets""}",柔和的色彩+低能量,HIGH
150,Study Together / Virtual Coworking,Social Proof-Focused + Feature-Rich,Minimalism + Soft UI Evolution,平静焦点蓝色+会话进度指示器+环境温暖中性色,专业+层次清晰,微妙的悬停 200 毫秒 + 平滑过渡 + 干净,"{""if_trust_needed"": ""add-testimonials""}",过度装饰,HIGH
151,Coding Challenge & Practice,Feature-Rich Showcase + Social Proof,Dark Mode (OLED) + Cyberpunk UI,代码编辑器深色+成功绿色+难度渐变（简单绿色/中等琥珀色/硬红色）,高对比度+暗底亮光,微妙的光芒+霓虹灯+高对比度,"{""if_light_mode_needed"": ""provide-theme-toggle"", ""if_trust_needed"": ""add-testimonials""}",纯白色背景,HIGH
152,Kids Learning (ABC & Math),Social Proof-Focused + Trust,Claymorphism + Vibrant & Block-based,明亮的主色 + 儿童安全粉彩 + 奖励金 + 互动口音,俏皮+圆润+友好,多层阴影+弹簧弹跳+软压 200ms,"{""if_trust_needed"": ""add-testimonials""}",柔和的色彩+低能量,HIGH
153,Music Instrument Learning,Interactive Product Demo + Social Proof,Vibrant & Block-based + Motion-Driven,音乐暖色深红/棕色+音符颜色系统+技能进度条,精力充沛+大胆+大,滚动动画+视差+页面过渡,"{""if_trust_needed"": ""add-testimonials""}",柔和的色彩+低能量,HIGH
154,Parking Finder,Conversion-Optimized + Feature-Rich,Minimalism + Glassmorphism,信任蓝色+可用绿色+占用红色+地图中立,专业+层次清晰,背景模糊（10-20px）+半透明叠加,"{""if_low_performance"": ""fallback-to-flat"", ""if_conversion_focused"": ""add-urgency-colors""}",过度装饰,HIGH
155,Public Transit Guide,Feature-Rich Showcase + Interactive Demo,Flat Design + Accessible & Ethical,公交品牌线路颜色+实时指示器绿色/红色+地图中性,粗体+干净+无衬线,色移悬停 + 150 毫秒快速过渡 + 无阴影,"{""if_ux_focused"": ""prioritize-clarity"", ""if_mobile"": ""optimize-touch-targets""}",复杂阴影 + 3D 效果 + 仅颜色指示器,HIGH
156,Road Trip Planner,Storytelling-Driven + Hero-Centric,Aurora UI + Organic Biophilic,探险暖日落橙+地图青色+停车标记+道路中性,优雅+渐变友好,流动渐变 8-12 秒 + 颜色变形,"{""if_ux_focused"": ""prioritize-clarity"", ""if_mobile"": ""optimize-touch-targets""}",风格不一致+对比度差,HIGH
157,VPN & Privacy Tool,Trust & Authority + Conversion-Optimized,Minimalism + Dark Mode (OLED),深盾蓝色 + 连接绿色 + 断开红色 + 信任强调,专业+层次清晰,微妙的光芒+霓虹灯+高对比度,"{""if_light_mode_needed"": ""provide-theme-toggle"", ""if_conversion_focused"": ""add-urgency-colors""}",过多的装饰+纯白背景,HIGH
158,Emergency SOS & Safety,Trust & Authority + Social Proof,Accessible & Ethical + Flat Design,警报红+安全蓝+位置绿+高对比度关键,粗体+干净+无衬线,色移悬停 + 150 毫秒快速过渡 + 无阴影,"{""if_trust_needed"": ""add-testimonials""}",复杂阴影 + 3D 效果 + 仅颜色指示器,HIGH
159,Wallpaper & Theme App,Feature-Rich Showcase + Social Proof,Vibrant & Block-based + Aurora UI,内容驱动 + 流行美学调色板 + 下载重点,精力充沛+大胆+大,大截面间隙 48px+ + 颜色偏移悬停 + 滚动捕捉,"{""if_trust_needed"": ""add-testimonials""}",柔和的色彩+低能量,HIGH
160,White Noise & Ambient Sound,Minimal & Direct + Social Proof,Minimalism + Dark Mode (OLED),平静的黑暗+环境纹理视觉+微妙的声波+睡眠蓝,专业+层次清晰,微妙的光芒+霓虹灯+高对比度,"{""if_light_mode_needed"": ""provide-theme-toggle"", ""if_trust_needed"": ""add-testimonials""}",过多的装饰+纯白背景,HIGH
161,Home Decoration & Interior Design,Storytelling-Driven + Feature-Rich,Minimalism + 3D Product Preview,中性内饰调色板+材质强调+AR 蓝色,专业+层次清晰,微妙的悬停 200 毫秒 + 平滑过渡 + 干净,"{""if_ux_focused"": ""prioritize-clarity"", ""if_mobile"": ""optimize-touch-targets""}",过度装饰,HIGH
